,instant,season,mnth,holiday,weekday,workingday,weathersit,temp,atemp,hum,windspeed,BusiestSta
0,1.0,1.0,1.0,0.0,6.0,0.0,2.0,0.344167,0.363625,0.805833,0.160446,31228
1,2.0,1.0,1.0,0.0,0.0,0.0,2.0,0.363478,0.35373899999999997,0.696087,0.24853899999999998,31602
2,3.0,1.0,1.0,0.0,1.0,1.0,1.0,0.196364,0.189405,0.43727299999999997,0.248309,31101
3,4.0,1.0,1.0,0.0,2.0,1.0,1.0,0.2,0.21212199999999998,0.590435,0.160296,31101
4,5.0,1.0,1.0,0.0,3.0,1.0,1.0,0.22695700000000002,0.22926999999999997,0.436957,0.1869,31104
5,6.0,1.0,1.0,0.0,4.0,1.0,1.0,0.204348,0.23320900000000003,0.518261,0.0895652,31101
6,7.0,1.0,1.0,0.0,5.0,1.0,2.0,0.196522,0.208839,0.49869600000000003,0.168726,31104
7,8.0,1.0,1.0,0.0,6.0,0.0,2.0,0.165,0.162254,0.535833,0.266804,31104
8,9.0,1.0,1.0,0.0,0.0,0.0,1.0,0.13833299999999998,0.116175,0.434167,0.36195,31201
9,10.0,1.0,1.0,0.0,1.0,1.0,1.0,0.150833,0.15088800000000002,0.482917,0.22326700000000002,31200
10,11.0,1.0,1.0,0.0,2.0,1.0,2.0,0.16909100000000002,0.19146400000000002,0.6863640000000001,0.12213199999999999,31101
11,12.0,1.0,1.0,0.0,3.0,1.0,1.0,0.172727,0.160473,0.599545,0.304627,31200
12,13.0,1.0,1.0,0.0,4.0,1.0,1.0,0.165,0.150883,0.47041700000000003,0.301,31101
13,14.0,1.0,1.0,0.0,5.0,1.0,1.0,0.16087,0.188413,0.537826,0.126548,31104
14,15.0,1.0,1.0,0.0,6.0,0.0,2.0,0.23333299999999998,0.248112,0.49875,0.15796300000000002,31200
15,16.0,1.0,1.0,0.0,0.0,0.0,1.0,0.231667,0.234217,0.48375,0.188433,31104
16,17.0,1.0,1.0,1.0,1.0,0.0,2.0,0.175833,0.176771,0.5375,0.194017,31200
17,18.0,1.0,1.0,0.0,2.0,1.0,2.0,0.216667,0.23233299999999998,0.861667,0.146775,31200
18,19.0,1.0,1.0,0.0,3.0,1.0,2.0,0.292174,0.29842199999999997,0.741739,0.208317,31101
19,20.0,1.0,1.0,0.0,4.0,1.0,2.0,0.261667,0.25505,0.538333,0.195904,31200
20,21.0,1.0,1.0,0.0,5.0,1.0,1.0,0.1775,0.157833,0.457083,0.353242,31200
21,22.0,1.0,1.0,0.0,6.0,0.0,1.0,0.0591304,0.0790696,0.4,0.17197,31104
22,23.0,1.0,1.0,0.0,0.0,0.0,1.0,0.0965217,0.09883910000000001,0.436522,0.2466,31200
23,24.0,1.0,1.0,0.0,1.0,1.0,1.0,0.0973913,0.11793,0.49173900000000004,0.15833,31110
24,25.0,1.0,1.0,0.0,2.0,1.0,2.0,0.223478,0.234526,0.616957,0.129796,31110
25,26.0,1.0,1.0,0.0,3.0,1.0,3.0,0.2175,0.2036,0.8625,0.29385,31104
26,27.0,1.0,1.0,0.0,4.0,1.0,1.0,0.195,0.2197,0.6875,0.113837,31200
27,28.0,1.0,1.0,0.0,5.0,1.0,2.0,0.203478,0.22331700000000002,0.793043,0.1233,31101
28,29.0,1.0,1.0,0.0,6.0,0.0,1.0,0.196522,0.212126,0.6517390000000001,0.14536500000000002,31104
29,30.0,1.0,1.0,0.0,0.0,0.0,1.0,0.216522,0.250322,0.722174,0.0739826,31104
30,31.0,1.0,1.0,0.0,1.0,1.0,2.0,0.180833,0.18625,0.60375,0.187192,31104
31,32.0,1.0,2.0,0.0,2.0,1.0,2.0,0.192174,0.23453000000000002,0.829565,0.053212999999999996,31200
32,33.0,1.0,2.0,0.0,3.0,1.0,2.0,0.26,0.254417,0.775417,0.264308,31200
33,34.0,1.0,2.0,0.0,4.0,1.0,1.0,0.18695699999999998,0.177878,0.43782600000000005,0.277752,31104
34,35.0,1.0,2.0,0.0,5.0,1.0,2.0,0.211304,0.22858699999999998,0.585217,0.127839,31104
35,36.0,1.0,2.0,0.0,6.0,0.0,2.0,0.23333299999999998,0.243058,0.929167,0.161079,31602
36,37.0,1.0,2.0,0.0,0.0,0.0,1.0,0.285833,0.291671,0.568333,0.1418,31104
37,38.0,1.0,2.0,0.0,1.0,1.0,1.0,0.271667,0.303658,0.738333,0.045408300000000006,31200
38,39.0,1.0,2.0,0.0,2.0,1.0,1.0,0.220833,0.198246,0.537917,0.36195,31110
39,40.0,1.0,2.0,0.0,3.0,1.0,2.0,0.134783,0.144283,0.494783,0.188839,31104
40,41.0,1.0,2.0,0.0,4.0,1.0,1.0,0.144348,0.14954800000000001,0.437391,0.221935,31104
41,42.0,1.0,2.0,0.0,5.0,1.0,1.0,0.189091,0.213509,0.506364,0.10855,31101
42,43.0,1.0,2.0,0.0,6.0,0.0,1.0,0.2225,0.232954,0.544167,0.20336700000000002,31104
43,44.0,1.0,2.0,0.0,0.0,0.0,1.0,0.31652199999999997,0.324113,0.457391,0.260883,31201
44,45.0,1.0,2.0,0.0,1.0,1.0,1.0,0.415,0.39835,0.375833,0.417908,31201
45,46.0,1.0,2.0,0.0,2.0,1.0,1.0,0.26608699999999996,0.254274,0.314348,0.29137399999999997,31101
46,47.0,1.0,2.0,0.0,3.0,1.0,1.0,0.318261,0.3162,0.42347799999999997,0.251791,31200
47,48.0,1.0,2.0,0.0,4.0,1.0,1.0,0.43583299999999997,0.428658,0.505,0.230104,31200
48,49.0,1.0,2.0,0.0,5.0,1.0,1.0,0.521667,0.511983,0.516667,0.264925,31200
49,50.0,1.0,2.0,0.0,6.0,0.0,1.0,0.399167,0.391404,0.187917,0.507463,31104
50,51.0,1.0,2.0,0.0,0.0,0.0,1.0,0.285217,0.27733,0.407826,0.223235,31200
51,52.0,1.0,2.0,1.0,1.0,0.0,2.0,0.303333,0.284075,0.605,0.307846,31104
52,53.0,1.0,2.0,0.0,2.0,1.0,1.0,0.182222,0.186033,0.577778,0.195683,31101
53,54.0,1.0,2.0,0.0,3.0,1.0,1.0,0.221739,0.24571700000000002,0.423043,0.094113,31200
54,55.0,1.0,2.0,0.0,4.0,1.0,2.0,0.295652,0.289191,0.697391,0.250496,31201
55,56.0,1.0,2.0,0.0,5.0,1.0,2.0,0.364348,0.350461,0.712174,0.346539,31200
56,57.0,1.0,2.0,0.0,6.0,0.0,1.0,0.2825,0.282192,0.537917,0.18657100000000001,31200
57,58.0,1.0,2.0,0.0,0.0,0.0,1.0,0.343478,0.351109,0.68,0.125248,31201
58,59.0,1.0,2.0,0.0,1.0,1.0,2.0,0.407273,0.400118,0.8763639999999999,0.289686,31200
59,60.0,1.0,3.0,0.0,2.0,1.0,1.0,0.266667,0.263879,0.535,0.216425,31101
60,61.0,1.0,3.0,0.0,3.0,1.0,1.0,0.335,0.320071,0.449583,0.30783299999999997,31200
61,62.0,1.0,3.0,0.0,4.0,1.0,1.0,0.19833299999999998,0.200133,0.318333,0.225754,31200
62,63.0,1.0,3.0,0.0,5.0,1.0,2.0,0.261667,0.255679,0.610417,0.203346,31200
63,64.0,1.0,3.0,0.0,6.0,0.0,2.0,0.384167,0.378779,0.789167,0.251871,31200
64,65.0,1.0,3.0,0.0,0.0,0.0,2.0,0.37652199999999997,0.366252,0.948261,0.343287,31104
65,66.0,1.0,3.0,0.0,1.0,1.0,1.0,0.261739,0.238461,0.551304,0.341352,31104
66,67.0,1.0,3.0,0.0,2.0,1.0,1.0,0.2925,0.3024,0.420833,0.12065,31200
67,68.0,1.0,3.0,0.0,3.0,1.0,2.0,0.295833,0.286608,0.775417,0.22015,31200
68,69.0,1.0,3.0,0.0,4.0,1.0,3.0,0.38909099999999996,0.385668,0.0,0.26187699999999997,31104
69,70.0,1.0,3.0,0.0,5.0,1.0,2.0,0.31652199999999997,0.305,0.649565,0.23296999999999998,31200
70,71.0,1.0,3.0,0.0,6.0,0.0,1.0,0.329167,0.32575,0.594583,0.220775,31200
71,72.0,1.0,3.0,0.0,0.0,0.0,1.0,0.384348,0.380091,0.5273909999999999,0.270604,31219
72,73.0,1.0,3.0,0.0,1.0,1.0,1.0,0.32521700000000003,0.332,0.496957,0.136926,31201
73,74.0,1.0,3.0,0.0,2.0,1.0,2.0,0.317391,0.318178,0.655652,0.184309,31200
74,75.0,1.0,3.0,0.0,3.0,1.0,2.0,0.365217,0.36693000000000003,0.776522,0.20311700000000002,31200
75,76.0,1.0,3.0,0.0,4.0,1.0,1.0,0.415,0.410333,0.602917,0.209579,31200
76,77.0,1.0,3.0,0.0,5.0,1.0,1.0,0.54,0.5270090000000001,0.525217,0.231017,31200
77,78.0,1.0,3.0,0.0,6.0,0.0,1.0,0.4725,0.466525,0.37916700000000003,0.368167,31200
78,79.0,1.0,3.0,0.0,0.0,0.0,1.0,0.3325,0.32575,0.47375,0.20772100000000002,31200
79,80.0,2.0,3.0,0.0,1.0,1.0,2.0,0.430435,0.409735,0.737391,0.288783,31200
80,81.0,2.0,3.0,0.0,2.0,1.0,1.0,0.44166700000000003,0.44064200000000003,0.624583,0.22575,31200
81,82.0,2.0,3.0,0.0,3.0,1.0,2.0,0.346957,0.337939,0.839565,0.23426100000000002,31201
82,83.0,2.0,3.0,0.0,4.0,1.0,2.0,0.285,0.270833,0.805833,0.24378699999999998,31104
83,84.0,2.0,3.0,0.0,5.0,1.0,1.0,0.264167,0.256312,0.495,0.230725,31200
84,85.0,2.0,3.0,0.0,6.0,0.0,1.0,0.265833,0.257571,0.394167,0.209571,31217
85,86.0,2.0,3.0,0.0,0.0,0.0,2.0,0.25304299999999996,0.250339,0.493913,0.1843,31104
86,87.0,2.0,3.0,0.0,1.0,1.0,1.0,0.264348,0.25757399999999997,0.302174,0.212204,31205
87,88.0,2.0,3.0,0.0,2.0,1.0,1.0,0.3025,0.292908,0.31416700000000003,0.226996,31200
88,89.0,2.0,3.0,0.0,3.0,1.0,2.0,0.3,0.29735,0.646667,0.17288800000000001,31110
89,90.0,2.0,3.0,0.0,4.0,1.0,3.0,0.268333,0.257575,0.918333,0.217646,31201
90,91.0,2.0,4.0,0.0,5.0,1.0,2.0,0.3,0.283454,0.68625,0.258708,31200
91,92.0,2.0,4.0,0.0,6.0,0.0,2.0,0.315,0.315637,0.65375,0.19714600000000002,31217
92,93.0,2.0,4.0,0.0,0.0,0.0,1.0,0.378333,0.378767,0.48,0.182213,31217
93,94.0,2.0,4.0,0.0,1.0,1.0,1.0,0.573333,0.542929,0.42625,0.385571,31200
94,95.0,2.0,4.0,0.0,2.0,1.0,2.0,0.414167,0.39835,0.642083,0.388067,31200
95,96.0,2.0,4.0,0.0,3.0,1.0,1.0,0.390833,0.387608,0.470833,0.263063,31200
96,97.0,2.0,4.0,0.0,4.0,1.0,1.0,0.4375,0.433696,0.602917,0.16231199999999998,31200
97,98.0,2.0,4.0,0.0,5.0,1.0,2.0,0.335833,0.324479,0.83625,0.226992,31200
98,99.0,2.0,4.0,0.0,6.0,0.0,2.0,0.3425,0.34152899999999997,0.8775,0.13308299999999998,31200
99,100.0,2.0,4.0,0.0,0.0,0.0,2.0,0.426667,0.426737,0.8575,0.146767,31200
100,101.0,2.0,4.0,0.0,1.0,1.0,2.0,0.5956520000000001,0.565217,0.716956,0.324474,31201
101,102.0,2.0,4.0,0.0,2.0,1.0,2.0,0.5025,0.493054,0.739167,0.274879,31200
102,103.0,2.0,4.0,0.0,3.0,1.0,2.0,0.4125,0.417283,0.819167,0.25061700000000003,31104
103,104.0,2.0,4.0,0.0,4.0,1.0,1.0,0.4675,0.462742,0.540417,0.1107,31200
104,105.0,2.0,4.0,1.0,5.0,0.0,1.0,0.446667,0.441913,0.67125,0.226375,31200
105,106.0,2.0,4.0,0.0,6.0,0.0,3.0,0.43083299999999997,0.425492,0.888333,0.340808,31104
106,107.0,2.0,4.0,0.0,0.0,0.0,1.0,0.456667,0.445696,0.479583,0.303496,31200
107,108.0,2.0,4.0,0.0,1.0,1.0,1.0,0.5125,0.503146,0.5425,0.16356700000000002,31200
108,109.0,2.0,4.0,0.0,2.0,1.0,2.0,0.505833,0.48925799999999997,0.665833,0.157971,31200
109,110.0,2.0,4.0,0.0,3.0,1.0,1.0,0.595,0.564392,0.614167,0.241925,31200
110,111.0,2.0,4.0,0.0,4.0,1.0,1.0,0.459167,0.453892,0.407083,0.325258,31200
111,112.0,2.0,4.0,0.0,5.0,1.0,2.0,0.336667,0.321954,0.729583,0.219521,31104
112,113.0,2.0,4.0,0.0,6.0,0.0,2.0,0.46,0.450121,0.887917,0.230725,31200
113,114.0,2.0,4.0,0.0,0.0,0.0,2.0,0.581667,0.551763,0.810833,0.192175,31201
114,115.0,2.0,4.0,0.0,1.0,1.0,1.0,0.606667,0.5745,0.776667,0.185333,31200
115,116.0,2.0,4.0,0.0,2.0,1.0,1.0,0.631667,0.594083,0.729167,0.3265,31200
116,117.0,2.0,4.0,0.0,3.0,1.0,2.0,0.62,0.575142,0.835417,0.3122,31200
117,118.0,2.0,4.0,0.0,4.0,1.0,2.0,0.6175,0.578929,0.700833,0.32090799999999997,31200
118,119.0,2.0,4.0,0.0,5.0,1.0,1.0,0.51,0.497463,0.457083,0.240063,31200
119,120.0,2.0,4.0,0.0,6.0,0.0,1.0,0.4725,0.464021,0.503333,0.235075,31200
120,121.0,2.0,5.0,0.0,0.0,0.0,2.0,0.451667,0.448204,0.762083,0.10635399999999999,31200
121,122.0,2.0,5.0,0.0,1.0,1.0,2.0,0.549167,0.532833,0.73,0.183454,31200
122,123.0,2.0,5.0,0.0,2.0,1.0,2.0,0.616667,0.582079,0.697083,0.342667,31200
123,124.0,2.0,5.0,0.0,3.0,1.0,2.0,0.414167,0.40465,0.737083,0.328996,31200
124,125.0,2.0,5.0,0.0,4.0,1.0,1.0,0.459167,0.441917,0.44416700000000003,0.295392,31200
125,126.0,2.0,5.0,0.0,5.0,1.0,1.0,0.479167,0.474117,0.59,0.228246,31200
126,127.0,2.0,5.0,0.0,6.0,0.0,1.0,0.52,0.512621,0.54125,0.16045,31200
127,128.0,2.0,5.0,0.0,0.0,0.0,1.0,0.5283329999999999,0.518933,0.631667,0.0746375,31200
128,129.0,2.0,5.0,0.0,1.0,1.0,1.0,0.5325,0.525246,0.58875,0.17600000000000002,31200
129,130.0,2.0,5.0,0.0,2.0,1.0,1.0,0.5325,0.522721,0.489167,0.11567100000000001,31200
130,131.0,2.0,5.0,0.0,3.0,1.0,1.0,0.5425,0.5284,0.632917,0.12064200000000001,31200
131,132.0,2.0,5.0,0.0,4.0,1.0,1.0,0.535,0.523363,0.7475,0.189667,31200
132,133.0,2.0,5.0,0.0,5.0,1.0,2.0,0.5125,0.4943,0.863333,0.179725,31200
133,134.0,2.0,5.0,0.0,6.0,0.0,2.0,0.520833,0.500629,0.9225,0.13495,31200
134,135.0,2.0,5.0,0.0,0.0,0.0,2.0,0.5625,0.536,0.867083,0.152979,31200
135,136.0,2.0,5.0,0.0,1.0,1.0,1.0,0.5775,0.550512,0.787917,0.126871,31200
136,137.0,2.0,5.0,0.0,2.0,1.0,2.0,0.561667,0.538529,0.837917,0.277354,31200
137,138.0,2.0,5.0,0.0,3.0,1.0,2.0,0.55,0.527158,0.87,0.201492,31200
138,139.0,2.0,5.0,0.0,4.0,1.0,2.0,0.530833,0.510742,0.829583,0.10821300000000002,31200
139,140.0,2.0,5.0,0.0,5.0,1.0,1.0,0.536667,0.529042,0.719583,0.125013,31200
140,141.0,2.0,5.0,0.0,6.0,0.0,1.0,0.6025,0.571975,0.626667,0.12065,31200
141,142.0,2.0,5.0,0.0,0.0,0.0,1.0,0.604167,0.5745,0.749583,0.148008,31200
142,143.0,2.0,5.0,0.0,1.0,1.0,2.0,0.631667,0.590296,0.81,0.233842,31200
143,144.0,2.0,5.0,0.0,2.0,1.0,2.0,0.66,0.604813,0.740833,0.207092,31200
144,145.0,2.0,5.0,0.0,3.0,1.0,1.0,0.660833,0.615542,0.69625,0.15423299999999998,31200
145,146.0,2.0,5.0,0.0,4.0,1.0,1.0,0.708333,0.654688,0.6775,0.19964200000000001,31200
146,147.0,2.0,5.0,0.0,5.0,1.0,1.0,0.681667,0.637008,0.65375,0.240679,31200
147,148.0,2.0,5.0,0.0,6.0,0.0,1.0,0.655833,0.612379,0.729583,0.23009200000000002,31200
148,149.0,2.0,5.0,0.0,0.0,0.0,1.0,0.6675,0.61555,0.81875,0.21393800000000002,31200
149,150.0,2.0,5.0,1.0,1.0,0.0,1.0,0.733333,0.671092,0.685,0.131225,31200
150,151.0,2.0,5.0,0.0,2.0,1.0,1.0,0.775,0.725383,0.636667,0.111329,31200
151,152.0,2.0,6.0,0.0,3.0,1.0,2.0,0.764167,0.720967,0.677083,0.207092,31200
152,153.0,2.0,6.0,0.0,4.0,1.0,1.0,0.715,0.643942,0.305,0.29228699999999996,31200
153,154.0,2.0,6.0,0.0,5.0,1.0,1.0,0.62,0.587133,0.354167,0.253121,31200
154,155.0,2.0,6.0,0.0,6.0,0.0,1.0,0.635,0.594696,0.45625,0.123142,31200
155,156.0,2.0,6.0,0.0,0.0,0.0,2.0,0.648333,0.616804,0.6525,0.138692,31200
156,157.0,2.0,6.0,0.0,1.0,1.0,1.0,0.678333,0.621858,0.6,0.121896,31200
157,158.0,2.0,6.0,0.0,2.0,1.0,1.0,0.7075,0.65595,0.597917,0.187808,31200
158,159.0,2.0,6.0,0.0,3.0,1.0,1.0,0.775833,0.727279,0.6220829999999999,0.136817,31200
159,160.0,2.0,6.0,0.0,4.0,1.0,2.0,0.808333,0.757579,0.568333,0.149883,31200
160,161.0,2.0,6.0,0.0,5.0,1.0,1.0,0.755,0.703292,0.605,0.14055399999999998,31200
161,162.0,2.0,6.0,0.0,6.0,0.0,1.0,0.725,0.678038,0.654583,0.15485,31200
162,163.0,2.0,6.0,0.0,0.0,0.0,1.0,0.6925,0.643325,0.747917,0.16356700000000002,31200
163,164.0,2.0,6.0,0.0,1.0,1.0,1.0,0.635,0.601654,0.494583,0.30535,31200
164,165.0,2.0,6.0,0.0,2.0,1.0,1.0,0.604167,0.591546,0.507083,0.269283,31200
165,166.0,2.0,6.0,0.0,3.0,1.0,1.0,0.626667,0.587754,0.471667,0.16791199999999998,31200
166,167.0,2.0,6.0,0.0,4.0,1.0,2.0,0.628333,0.595346,0.688333,0.20647100000000002,31200
167,168.0,2.0,6.0,0.0,5.0,1.0,1.0,0.649167,0.600383,0.735833,0.143029,31200
168,169.0,2.0,6.0,0.0,6.0,0.0,1.0,0.696667,0.643954,0.670417,0.11940799999999999,31200
169,170.0,2.0,6.0,0.0,0.0,0.0,2.0,0.699167,0.645846,0.666667,0.102,31200
170,171.0,2.0,6.0,0.0,1.0,1.0,2.0,0.635,0.595346,0.74625,0.155475,31200
171,172.0,3.0,6.0,0.0,2.0,1.0,2.0,0.680833,0.637646,0.770417,0.171025,31200
172,173.0,3.0,6.0,0.0,3.0,1.0,1.0,0.733333,0.693829,0.7075,0.172262,31200
173,174.0,3.0,6.0,0.0,4.0,1.0,2.0,0.728333,0.693833,0.703333,0.238804,31200
174,175.0,3.0,6.0,0.0,5.0,1.0,1.0,0.724167,0.656583,0.573333,0.222025,31200
175,176.0,3.0,6.0,0.0,6.0,0.0,1.0,0.695,0.643313,0.483333,0.209571,31200
176,177.0,3.0,6.0,0.0,0.0,0.0,1.0,0.68,0.637629,0.513333,0.09453330000000001,31200
177,178.0,3.0,6.0,0.0,1.0,1.0,2.0,0.6825,0.637004,0.658333,0.10758800000000002,31200
178,179.0,3.0,6.0,0.0,2.0,1.0,1.0,0.744167,0.692558,0.634167,0.144283,31200
179,180.0,3.0,6.0,0.0,3.0,1.0,1.0,0.728333,0.654688,0.497917,0.261821,31200
180,181.0,3.0,6.0,0.0,4.0,1.0,1.0,0.696667,0.637008,0.434167,0.18531199999999998,31200
181,182.0,3.0,7.0,0.0,5.0,1.0,1.0,0.7225,0.652162,0.39625,0.10260799999999999,31200
182,183.0,3.0,7.0,0.0,6.0,0.0,1.0,0.738333,0.667308,0.444583,0.11506199999999998,31200
183,184.0,3.0,7.0,0.0,0.0,0.0,2.0,0.716667,0.668575,0.6825,0.228858,31200
184,185.0,3.0,7.0,1.0,1.0,0.0,2.0,0.726667,0.665417,0.637917,0.08147919999999999,31200
185,186.0,3.0,7.0,0.0,2.0,1.0,1.0,0.746667,0.696338,0.590417,0.12625799999999998,31200
186,187.0,3.0,7.0,0.0,3.0,1.0,1.0,0.72,0.685633,0.743333,0.149883,31200
187,188.0,3.0,7.0,0.0,4.0,1.0,1.0,0.75,0.686871,0.65125,0.1592,31200
188,189.0,3.0,7.0,0.0,5.0,1.0,2.0,0.709167,0.6704829999999999,0.757917,0.225129,31200
189,190.0,3.0,7.0,0.0,6.0,0.0,1.0,0.733333,0.664158,0.609167,0.16791199999999998,31200
190,191.0,3.0,7.0,0.0,0.0,0.0,1.0,0.7475,0.690025,0.578333,0.183471,31200
191,192.0,3.0,7.0,0.0,1.0,1.0,1.0,0.7625,0.729804,0.635833,0.282337,31200
192,193.0,3.0,7.0,0.0,2.0,1.0,1.0,0.794167,0.739275,0.559167,0.200254,31200
193,194.0,3.0,7.0,0.0,3.0,1.0,1.0,0.746667,0.689404,0.631667,0.14613299999999999,31200
194,195.0,3.0,7.0,0.0,4.0,1.0,1.0,0.680833,0.635104,0.47625,0.24066700000000002,31200
195,196.0,3.0,7.0,0.0,5.0,1.0,1.0,0.663333,0.624371,0.59125,0.182833,31200
196,197.0,3.0,7.0,0.0,6.0,0.0,1.0,0.686667,0.638263,0.585,0.208342,31200
197,198.0,3.0,7.0,0.0,0.0,0.0,1.0,0.719167,0.669833,0.604167,0.245033,31200
198,199.0,3.0,7.0,0.0,1.0,1.0,1.0,0.746667,0.703925,0.65125,0.215804,31200
199,200.0,3.0,7.0,0.0,2.0,1.0,1.0,0.776667,0.747479,0.650417,0.1306,31200
200,201.0,3.0,7.0,0.0,3.0,1.0,1.0,0.768333,0.74685,0.707083,0.113817,31200
201,202.0,3.0,7.0,0.0,4.0,1.0,2.0,0.815,0.826371,0.69125,0.222021,31200
202,203.0,3.0,7.0,0.0,5.0,1.0,1.0,0.848333,0.8408959999999999,0.580417,0.1331,31200
203,204.0,3.0,7.0,0.0,6.0,0.0,1.0,0.849167,0.804287,0.5,0.131221,31200
204,205.0,3.0,7.0,0.0,0.0,0.0,1.0,0.83,0.794829,0.550833,0.16917100000000002,31200
205,206.0,3.0,7.0,0.0,1.0,1.0,1.0,0.743333,0.720958,0.757083,0.09080830000000001,31200
206,207.0,3.0,7.0,0.0,2.0,1.0,1.0,0.771667,0.696979,0.540833,0.200258,31200
207,208.0,3.0,7.0,0.0,3.0,1.0,1.0,0.775,0.690667,0.402917,0.18346300000000001,31200
208,209.0,3.0,7.0,0.0,4.0,1.0,1.0,0.779167,0.7399,0.583333,0.178479,31200
209,210.0,3.0,7.0,0.0,5.0,1.0,1.0,0.838333,0.785967,0.5425,0.17413800000000001,31200
210,211.0,3.0,7.0,0.0,6.0,0.0,1.0,0.804167,0.728537,0.465833,0.168537,31200
211,212.0,3.0,7.0,0.0,0.0,0.0,1.0,0.805833,0.729796,0.480833,0.16481300000000002,31200
212,213.0,3.0,8.0,0.0,1.0,1.0,1.0,0.771667,0.703292,0.550833,0.156717,31200
213,214.0,3.0,8.0,0.0,2.0,1.0,1.0,0.783333,0.707071,0.49125,0.20585,31200
214,215.0,3.0,8.0,0.0,3.0,1.0,2.0,0.731667,0.679937,0.6575,0.13558299999999998,31200
215,216.0,3.0,8.0,0.0,4.0,1.0,2.0,0.71,0.664788,0.7575,0.19715,31200
216,217.0,3.0,8.0,0.0,5.0,1.0,1.0,0.710833,0.656567,0.630833,0.184696,31200
217,218.0,3.0,8.0,0.0,6.0,0.0,2.0,0.716667,0.676154,0.755,0.22825,31200
218,219.0,3.0,8.0,0.0,0.0,0.0,1.0,0.7425,0.715292,0.7529170000000001,0.201487,31200
219,220.0,3.0,8.0,0.0,1.0,1.0,1.0,0.765,0.703283,0.592083,0.192175,31200
220,221.0,3.0,8.0,0.0,2.0,1.0,1.0,0.775,0.724121,0.570417,0.151121,31200
221,222.0,3.0,8.0,0.0,3.0,1.0,1.0,0.766667,0.684983,0.424167,0.200258,31200
222,223.0,3.0,8.0,0.0,4.0,1.0,1.0,0.7175,0.651521,0.42375,0.164796,31200
223,224.0,3.0,8.0,0.0,5.0,1.0,1.0,0.708333,0.654042,0.415,0.125621,31200
224,225.0,3.0,8.0,0.0,6.0,0.0,2.0,0.685833,0.645858,0.729583,0.211454,31200
225,226.0,3.0,8.0,0.0,0.0,0.0,2.0,0.676667,0.624388,0.8175,0.222633,31200
226,227.0,3.0,8.0,0.0,1.0,1.0,1.0,0.665833,0.616167,0.712083,0.208954,31200
227,228.0,3.0,8.0,0.0,2.0,1.0,1.0,0.700833,0.645837,0.578333,0.23632899999999998,31200
228,229.0,3.0,8.0,0.0,3.0,1.0,1.0,0.723333,0.666671,0.575417,0.14366700000000002,31200
229,230.0,3.0,8.0,0.0,4.0,1.0,1.0,0.711667,0.662258,0.654583,0.233208,31200
230,231.0,3.0,8.0,0.0,5.0,1.0,2.0,0.685,0.633221,0.722917,0.139308,31200
231,232.0,3.0,8.0,0.0,6.0,0.0,1.0,0.6975,0.648996,0.674167,0.104467,31200
232,233.0,3.0,8.0,0.0,0.0,0.0,1.0,0.710833,0.675525,0.77,0.248754,31200
233,234.0,3.0,8.0,0.0,1.0,1.0,1.0,0.691667,0.638254,0.47,0.27675,31200
234,235.0,3.0,8.0,0.0,2.0,1.0,1.0,0.640833,0.606067,0.455417,0.146763,31200
235,236.0,3.0,8.0,0.0,3.0,1.0,1.0,0.673333,0.630692,0.605,0.253108,31200
236,237.0,3.0,8.0,0.0,4.0,1.0,2.0,0.684167,0.645854,0.771667,0.210833,31200
237,238.0,3.0,8.0,0.0,5.0,1.0,1.0,0.7,0.659733,0.76125,0.0839625,31200
238,239.0,3.0,8.0,0.0,6.0,0.0,2.0,0.68,0.635556,0.85,0.37561700000000003,31104
239,240.0,3.0,8.0,0.0,0.0,0.0,1.0,0.707059,0.6479590000000001,0.561765,0.304659,31200
240,241.0,3.0,8.0,0.0,1.0,1.0,1.0,0.636667,0.607958,0.554583,0.159825,31200
241,242.0,3.0,8.0,0.0,2.0,1.0,1.0,0.639167,0.594704,0.548333,0.12500799999999998,31200
242,243.0,3.0,8.0,0.0,3.0,1.0,1.0,0.656667,0.611121,0.597917,0.08333330000000001,31200
243,244.0,3.0,9.0,0.0,4.0,1.0,1.0,0.655,0.614921,0.639167,0.141796,31200
244,245.0,3.0,9.0,0.0,5.0,1.0,2.0,0.643333,0.604808,0.727083,0.139929,31200
245,246.0,3.0,9.0,0.0,6.0,0.0,1.0,0.669167,0.633213,0.716667,0.185325,31200
246,247.0,3.0,9.0,0.0,0.0,0.0,1.0,0.709167,0.665429,0.742083,0.206467,31200
247,248.0,3.0,9.0,1.0,1.0,0.0,2.0,0.673333,0.625646,0.790417,0.212696,31200
248,249.0,3.0,9.0,0.0,2.0,1.0,3.0,0.54,0.5152,0.886957,0.343943,31200
249,250.0,3.0,9.0,0.0,3.0,1.0,3.0,0.599167,0.544229,0.917083,0.0970208,31200
250,251.0,3.0,9.0,0.0,4.0,1.0,3.0,0.6339130000000001,0.555361,0.939565,0.192748,31214
251,252.0,3.0,9.0,0.0,5.0,1.0,2.0,0.65,0.578946,0.897917,0.12437899999999999,31200
252,253.0,3.0,9.0,0.0,6.0,0.0,1.0,0.66,0.607962,0.75375,0.153608,31200
253,254.0,3.0,9.0,0.0,0.0,0.0,1.0,0.6533329999999999,0.609229,0.71375,0.11505399999999999,31200
254,255.0,3.0,9.0,0.0,1.0,1.0,1.0,0.6443479999999999,0.60213,0.692174,0.088913,31200
255,256.0,3.0,9.0,0.0,2.0,1.0,1.0,0.650833,0.603554,0.7125,0.14180399999999999,31200
256,257.0,3.0,9.0,0.0,3.0,1.0,1.0,0.673333,0.6269,0.697083,0.1673,31200
257,258.0,3.0,9.0,0.0,4.0,1.0,2.0,0.5775,0.553671,0.709167,0.271146,31200
258,259.0,3.0,9.0,0.0,5.0,1.0,2.0,0.469167,0.461475,0.590417,0.164183,31200
259,260.0,3.0,9.0,0.0,6.0,0.0,2.0,0.491667,0.478512,0.718333,0.189675,31200
260,261.0,3.0,9.0,0.0,0.0,0.0,1.0,0.5075,0.490537,0.695,0.178483,31200
261,262.0,3.0,9.0,0.0,1.0,1.0,2.0,0.549167,0.529675,0.69,0.15174200000000002,31200
262,263.0,3.0,9.0,0.0,2.0,1.0,2.0,0.561667,0.532217,0.88125,0.134954,31200
263,264.0,3.0,9.0,0.0,3.0,1.0,2.0,0.595,0.5505329999999999,0.9,0.0964042,31200
264,265.0,3.0,9.0,0.0,4.0,1.0,2.0,0.628333,0.554963,0.902083,0.128125,31200
265,266.0,4.0,9.0,0.0,5.0,1.0,2.0,0.609167,0.522125,0.9725,0.0783667,31200
266,267.0,4.0,9.0,0.0,6.0,0.0,2.0,0.606667,0.564412,0.8625,0.0783833,31200
267,268.0,4.0,9.0,0.0,0.0,0.0,2.0,0.634167,0.572637,0.845,0.0503792,31200
268,269.0,4.0,9.0,0.0,1.0,1.0,2.0,0.649167,0.589042,0.848333,0.1107,31200
269,270.0,4.0,9.0,0.0,2.0,1.0,2.0,0.636667,0.574525,0.885417,0.118171,31200
270,271.0,4.0,9.0,0.0,3.0,1.0,2.0,0.635,0.575158,0.84875,0.14862899999999998,31200
271,272.0,4.0,9.0,0.0,4.0,1.0,1.0,0.616667,0.574512,0.699167,0.17288299999999998,31200
272,273.0,4.0,9.0,0.0,5.0,1.0,1.0,0.564167,0.544829,0.6475,0.206475,31200
273,274.0,4.0,10.0,0.0,6.0,0.0,2.0,0.41,0.41286300000000004,0.75375,0.292296,31104
274,275.0,4.0,10.0,0.0,0.0,0.0,2.0,0.356667,0.345317,0.791667,0.22201300000000002,31200
275,276.0,4.0,10.0,0.0,1.0,1.0,2.0,0.384167,0.392046,0.760833,0.08334580000000001,31200
276,277.0,4.0,10.0,0.0,2.0,1.0,1.0,0.484167,0.472858,0.71,0.205854,31200
277,278.0,4.0,10.0,0.0,3.0,1.0,1.0,0.538333,0.527138,0.647917,0.17725,31200
278,279.0,4.0,10.0,0.0,4.0,1.0,1.0,0.494167,0.480425,0.620833,0.134954,31200
279,280.0,4.0,10.0,0.0,5.0,1.0,1.0,0.510833,0.504404,0.684167,0.0223917,31200
280,281.0,4.0,10.0,0.0,6.0,0.0,1.0,0.521667,0.513242,0.70125,0.0454042,31200
281,282.0,4.0,10.0,0.0,0.0,0.0,1.0,0.540833,0.523983,0.7275,0.06345,31200
282,283.0,4.0,10.0,1.0,1.0,0.0,1.0,0.570833,0.542925,0.73375,0.0423042,31200
283,284.0,4.0,10.0,0.0,2.0,1.0,2.0,0.566667,0.546096,0.80875,0.143042,31623
284,285.0,4.0,10.0,0.0,3.0,1.0,3.0,0.543333,0.517717,0.90625,0.24815,31200
285,286.0,4.0,10.0,0.0,4.0,1.0,2.0,0.589167,0.551804,0.896667,0.141787,31200
286,287.0,4.0,10.0,0.0,5.0,1.0,2.0,0.550833,0.529675,0.71625,0.223883,31200
287,288.0,4.0,10.0,0.0,6.0,0.0,1.0,0.506667,0.498725,0.483333,0.258083,31200
288,289.0,4.0,10.0,0.0,0.0,0.0,1.0,0.511667,0.503154,0.486667,0.281717,31200
289,290.0,4.0,10.0,0.0,1.0,1.0,1.0,0.5341670000000001,0.510725,0.579583,0.175379,31200
290,291.0,4.0,10.0,0.0,2.0,1.0,2.0,0.5325,0.522721,0.701667,0.11008699999999999,31200
291,292.0,4.0,10.0,0.0,3.0,1.0,3.0,0.5417390000000001,0.513848,0.895217,0.243339,31200
292,293.0,4.0,10.0,0.0,4.0,1.0,1.0,0.475833,0.466525,0.63625,0.422275,31200
293,294.0,4.0,10.0,0.0,5.0,1.0,1.0,0.4275,0.42359600000000003,0.574167,0.221396,31623
294,295.0,4.0,10.0,0.0,6.0,0.0,1.0,0.4225,0.425492,0.629167,0.09266669999999999,31200
295,296.0,4.0,10.0,0.0,0.0,0.0,1.0,0.421667,0.422333,0.74125,0.0995125,31200
296,297.0,4.0,10.0,0.0,1.0,1.0,1.0,0.463333,0.457067,0.772083,0.11879200000000001,31200
297,298.0,4.0,10.0,0.0,2.0,1.0,1.0,0.471667,0.463375,0.622917,0.166658,31200
298,299.0,4.0,10.0,0.0,3.0,1.0,2.0,0.484167,0.472846,0.720417,0.148642,31200
299,300.0,4.0,10.0,0.0,4.0,1.0,2.0,0.47,0.457046,0.812917,0.19776300000000002,31200
300,301.0,4.0,10.0,0.0,5.0,1.0,2.0,0.330833,0.318812,0.585833,0.229479,31200
301,302.0,4.0,10.0,0.0,6.0,0.0,3.0,0.25416700000000003,0.227913,0.8825,0.351371,31201
302,303.0,4.0,10.0,0.0,0.0,0.0,1.0,0.31916700000000003,0.321329,0.62375,0.176617,31200
303,304.0,4.0,10.0,0.0,1.0,1.0,1.0,0.34,0.356063,0.703333,0.10635,31200
304,305.0,4.0,11.0,0.0,2.0,1.0,1.0,0.400833,0.397088,0.68375,0.135571,31200
305,306.0,4.0,11.0,0.0,3.0,1.0,1.0,0.3775,0.390133,0.71875,0.08209169999999999,31200
306,307.0,4.0,11.0,0.0,4.0,1.0,1.0,0.408333,0.405921,0.702083,0.136817,31200
307,308.0,4.0,11.0,0.0,5.0,1.0,2.0,0.403333,0.40339200000000003,0.6225,0.271779,31200
308,309.0,4.0,11.0,0.0,6.0,0.0,1.0,0.326667,0.323854,0.519167,0.18906199999999998,31200
309,310.0,4.0,11.0,0.0,0.0,0.0,1.0,0.348333,0.362358,0.734583,0.09205419999999999,31200
310,311.0,4.0,11.0,0.0,1.0,1.0,1.0,0.395,0.400871,0.75875,0.057225,31200
311,312.0,4.0,11.0,0.0,2.0,1.0,1.0,0.408333,0.412246,0.7216670000000001,0.0690375,31200
312,313.0,4.0,11.0,0.0,3.0,1.0,1.0,0.4,0.40907899999999997,0.758333,0.06219580000000001,31200
313,314.0,4.0,11.0,0.0,4.0,1.0,2.0,0.38,0.373721,0.813333,0.189067,31200
314,315.0,4.0,11.0,1.0,5.0,0.0,1.0,0.324167,0.306817,0.44625,0.314675,31200
315,316.0,4.0,11.0,0.0,6.0,0.0,1.0,0.356667,0.357942,0.552917,0.212062,31200
316,317.0,4.0,11.0,0.0,0.0,0.0,1.0,0.440833,0.43055,0.458333,0.281721,31200
317,318.0,4.0,11.0,0.0,1.0,1.0,1.0,0.53,0.524612,0.587083,0.306596,31200
318,319.0,4.0,11.0,0.0,2.0,1.0,2.0,0.53,0.507579,0.68875,0.199633,31200
319,320.0,4.0,11.0,0.0,3.0,1.0,3.0,0.456667,0.451988,0.93,0.136829,31104
320,321.0,4.0,11.0,0.0,4.0,1.0,2.0,0.341667,0.323221,0.575833,0.30536199999999997,31200
321,322.0,4.0,11.0,0.0,5.0,1.0,1.0,0.274167,0.272721,0.41,0.168533,31200
322,323.0,4.0,11.0,0.0,6.0,0.0,1.0,0.329167,0.32448299999999997,0.502083,0.224496,31200
323,324.0,4.0,11.0,0.0,0.0,0.0,2.0,0.463333,0.457058,0.6845829999999999,0.18595,31200
324,325.0,4.0,11.0,0.0,1.0,1.0,3.0,0.4475,0.445062,0.91,0.138054,31200
325,326.0,4.0,11.0,0.0,2.0,1.0,3.0,0.416667,0.421696,0.9625,0.11879200000000001,31200
326,327.0,4.0,11.0,0.0,3.0,1.0,2.0,0.440833,0.430537,0.757917,0.335825,31623
327,328.0,4.0,11.0,1.0,4.0,0.0,1.0,0.37333299999999997,0.372471,0.549167,0.167304,31200
328,329.0,4.0,11.0,0.0,5.0,1.0,1.0,0.375,0.380671,0.64375,0.0988958,31217
329,330.0,4.0,11.0,0.0,6.0,0.0,1.0,0.375833,0.385087,0.681667,0.0684208,31200
330,331.0,4.0,11.0,0.0,0.0,0.0,1.0,0.459167,0.4558,0.698333,0.208954,31200
331,332.0,4.0,11.0,0.0,1.0,1.0,1.0,0.503478,0.490122,0.743043,0.142122,31200
332,333.0,4.0,11.0,0.0,2.0,1.0,2.0,0.458333,0.451375,0.830833,0.258092,31623
333,334.0,4.0,11.0,0.0,3.0,1.0,1.0,0.325,0.311221,0.613333,0.271158,31200
334,335.0,4.0,12.0,0.0,4.0,1.0,1.0,0.3125,0.305554,0.524583,0.220158,31200
335,336.0,4.0,12.0,0.0,5.0,1.0,1.0,0.31416700000000003,0.331433,0.625833,0.100754,31200
336,337.0,4.0,12.0,0.0,6.0,0.0,1.0,0.299167,0.310604,0.612917,0.0957833,31200
337,338.0,4.0,12.0,0.0,0.0,0.0,1.0,0.330833,0.3491,0.775833,0.08395830000000001,31200
338,339.0,4.0,12.0,0.0,1.0,1.0,2.0,0.385833,0.393925,0.827083,0.06220830000000001,31200
339,340.0,4.0,12.0,0.0,2.0,1.0,3.0,0.4625,0.4564,0.949583,0.23258299999999998,31200
340,341.0,4.0,12.0,0.0,3.0,1.0,3.0,0.41,0.400246,0.970417,0.266175,31623
341,342.0,4.0,12.0,0.0,4.0,1.0,1.0,0.265833,0.256938,0.58,0.240058,31200
342,343.0,4.0,12.0,0.0,5.0,1.0,1.0,0.290833,0.317542,0.695833,0.08271669999999999,31200
343,344.0,4.0,12.0,0.0,6.0,0.0,1.0,0.275,0.266412,0.5075,0.233221,31200
344,345.0,4.0,12.0,0.0,0.0,0.0,1.0,0.220833,0.253154,0.49,0.0665417,31200
345,346.0,4.0,12.0,0.0,1.0,1.0,1.0,0.238333,0.270196,0.670833,0.06345,31623
346,347.0,4.0,12.0,0.0,2.0,1.0,1.0,0.2825,0.301138,0.59,0.14055,31200
347,348.0,4.0,12.0,0.0,3.0,1.0,2.0,0.3175,0.338362,0.66375,0.06095830000000001,31200
348,349.0,4.0,12.0,0.0,4.0,1.0,2.0,0.4225,0.41223699999999996,0.634167,0.268042,31200
349,350.0,4.0,12.0,0.0,5.0,1.0,2.0,0.375,0.359825,0.500417,0.260575,31200
350,351.0,4.0,12.0,0.0,6.0,0.0,2.0,0.258333,0.249371,0.560833,0.243167,31104
351,352.0,4.0,12.0,0.0,0.0,0.0,1.0,0.238333,0.245579,0.58625,0.16977899999999999,31200
352,353.0,4.0,12.0,0.0,1.0,1.0,1.0,0.276667,0.280933,0.6375,0.172896,31623
353,354.0,4.0,12.0,0.0,2.0,1.0,2.0,0.385833,0.396454,0.595417,0.06157080000000001,31623
354,355.0,1.0,12.0,0.0,3.0,1.0,2.0,0.428333,0.428017,0.858333,0.2214,31623
355,356.0,1.0,12.0,0.0,4.0,1.0,2.0,0.423333,0.426121,0.7575,0.047275,31623
356,357.0,1.0,12.0,0.0,5.0,1.0,1.0,0.37333299999999997,0.377513,0.68625,0.274246,31200
357,358.0,1.0,12.0,0.0,6.0,0.0,1.0,0.3025,0.299242,0.5425,0.190304,31201
358,359.0,1.0,12.0,0.0,0.0,0.0,1.0,0.274783,0.279961,0.681304,0.155091,31217
359,360.0,1.0,12.0,1.0,1.0,0.0,1.0,0.321739,0.315535,0.506957,0.239465,31201
360,361.0,1.0,12.0,0.0,2.0,1.0,2.0,0.325,0.327633,0.7625,0.18845,31214
361,362.0,1.0,12.0,0.0,3.0,1.0,1.0,0.29913,0.279974,0.503913,0.29396100000000003,31214
362,363.0,1.0,12.0,0.0,4.0,1.0,1.0,0.248333,0.263892,0.574167,0.11941199999999999,31200
363,364.0,1.0,12.0,0.0,5.0,1.0,1.0,0.311667,0.318812,0.636667,0.13433699999999998,31200
364,365.0,1.0,12.0,0.0,6.0,0.0,1.0,0.41,0.414121,0.615833,0.220154,31201
