,station_id,lat,lng,trips_2010,trips_2011,trips_2012,trips_2013,trips_2014,trips_2015,trips_2016,trips_2017,trips_2018,trips_2019
0,31000,38.858971,-77.05323,185,1171,1353,1128,1247,1891,1883,2529,2472,1563
1,31001,38.85725,-77.05332,372,3492,3393,2345,2180,2768,2233,2428,2441,1993
2,31002,38.856425,-77.049232,362,2883,4210,4625,4672,5127,6208,7060,6469,5451
3,31003,38.86017,-77.049593,463,3432,2443,2892,4218,4937,5304,5516,4794,4338
4,31004,38.85787967,-77.05950517,234,1598,1623,1626,2536,2837,3222,2770,2614,2127
5,31005,38.862303,-77.059936,176,1644,1599,3424,6003,7228,7221,7913,7264,5806
6,31006,38.86338883,-77.06339467,463,2869,3185,3367,4047,4127,3983,3914,3447,3164
7,31007,38.857404,-77.051131,1233,10089,10672,10516,11139,9938,7738,9586,8861,10437
8,31009,38.848466,-77.051514,505,4600,4748,4523,5435,5674,4805,4957,3514,2427
9,31010,38.8426,-77.0502,523,3855,3703,3558,4056,3944,3768,3635,3027,3069
10,31011,38.8533,-77.0498,564,3830,3509,3980,4703,4707,6094,5923,5314,4690
11,31012,38.85068583,-77.05150783,197,2111,2353,2229,1715,2026,2313,2373,2285,2468
12,31013,38.85438052,-77.0534116,327,2274,2333,2179,2302,2636,2479,2798,2798,2876
13,31014,38.89749417,-77.070641,0,5849,10956,11965,12015,14402,14652,15098,12574,10456
14,31015,38.89447983,-77.071887,0,3082,6835,7728,7459,7392,6420,6544,5363,4288
15,31016,38.89343383,-77.07636183,0,1766,2978,3686,4229,4554,5570,6384,5140,4887
16,31017,38.891696,-77.0846,0,311,6928,9656,9080,6478,5841,4844,4117,4233
17,31018,38.892164,-77.079375,0,2797,2656,2907,2495,2979,2581,2721,2350,2451
18,31019,38.889,-77.0925,0,150,2575,3114,3340,3225,3192,3844,3254,2554
19,31020,38.8904,-77.0889,0,86,3286,4106,4499,3883,3938,3835,3579,2612
20,31021,38.8881,-77.09308,0,66,2808,3461,3370,4374,4306,5029,4476,4113
21,31022,38.88786,-77.094875,0,114,4251,5042,5796,6807,6719,6823,6440,5521
22,31023,38.885801,-77.097745,0,0,2812,3555,3649,4465,4163,4239,3634,3098
23,31024,38.882788,-77.103148,0,0,4330,5698,6765,6702,6374,8128,6603,5673
24,31025,38.88397,-77.10783,0,0,2122,2325,2635,2949,3068,3103,2221,1877
25,31026,38.884734,-77.093485,0,0,1047,1886,2679,3380,3326,3568,3186,3155
26,31027,38.89629933,-77.07852283,0,0,1696,2247,2351,2307,2864,2649,1855,1505
27,31028,38.893237,-77.086063,0,0,1887,3079,3200,3118,2924,2279,2054,2016
28,31029,38.896923,-77.086502,0,0,1966,3529,3431,3418,4255,4051,3883,3452
29,31030,38.89593,-77.089006,0,0,3291,5481,5760,4917,4588,4453,4715,3951
30,31031,38.89054,-77.08095,0,0,2248,3531,3507,3527,3583,3842,3505,2826
31,31032,38.8808075,-77.09073267,0,0,788,1041,1138,1361,1188,1457,1245,1198
32,31033,38.850336,-77.100988,0,0,1848,2108,1815,2409,2118,982,762,834
33,31034,38.882629,-77.109366,0,0,1928,2837,3361,3913,3958,3825,2917,2713
34,31035,38.87639517,-77.10773533,0,0,2066,3242,2681,3271,2927,2767,2911,2531
35,31036,38.87886533,-77.12059483,0,0,1462,2148,2268,2352,2329,2681,1950,1741
36,31037,38.881044,-77.111768,0,0,3749,6090,6391,7365,8461,9813,8306,8643
37,31038,38.883921,-77.116817,0,0,1204,2295,1947,1999,1826,2637,2333,1632
38,31039,38.879885,-77.1078915,0,0,1831,3711,4700,4999,4578,5783,5130,4140
39,31040,38.884616,-77.10108,0,0,858,1664,2370,2925,2708,3164,2282,2037
40,31041,38.803124,-77.040363,0,0,623,2193,2783,2993,2873,3991,3183,3332
41,31042,38.804718,-77.043363,0,0,793,3394,3576,4656,5316,6242,5639,4866
42,31043,38.810741,-77.044632,0,0,744,2491,2600,2894,2105,2483,1969,1813
43,31044,38.805317,-77.049883,0,0,632,2616,2860,3035,2902,3284,2572,1845
44,31045,38.805648,-77.05293,0,0,376,1250,1561,2249,2267,2542,1856,1897
45,31046,38.811456,-77.050276,0,0,236,1223,1073,1471,1493,1787,1985,1538
46,31047,38.814577,-77.052808,0,0,1048,3369,4959,7785,9186,11314,9664,7267
47,31048,38.80576285,-77.06062675,0,0,1428,5781,6148,6146,4396,4714,3903,2392
48,31049,38.883669,-77.113905,0,0,727,1806,1768,2092,2634,3181,2144,2107
49,31050,38.884961,-77.08777,0,0,571,1851,2002,2358,2402,2161,1907,1468
50,31051,38.889365,-77.077294,0,0,497,2287,2285,2383,2347,2433,2221,2220
51,31052,38.84401133,-77.05048383,0,1,129,1560,1793,2304,2023,2467,2643,2441
52,31053,38.863833,-77.080319,0,0,0,1408,1747,1857,1861,2181,2025,1540
53,31054,38.84712905,-77.11255029,0,0,0,352,367,539,440,447,276,380
54,31055,38.846222,-77.069275,0,0,0,744,912,1193,1203,1310,1398,1442
55,31056,38.8480035,-77.0751585,0,0,0,498,755,999,1164,1323,1317,1134
56,31057,38.8443895,-77.08590983,0,0,0,731,1008,987,989,1029,909,1024
57,31058,38.8607365,-77.0958725,0,0,0,159,223,225,310,313,332,415
58,31059,38.84736,-77.095431,0,0,0,297,116,591,1335,1449,1111,1257
59,31060,38.84232,-77.089555,0,0,0,1561,1945,2310,1814,2515,2335,2431
60,31061,38.8484575,-77.08486033,0,0,0,137,202,224,269,442,356,345
61,31062,38.896571,-77.06714283,0,0,0,110,86,249,212,199,2519,6239
62,31063,38.85227783,-77.10501933,0,0,0,478,736,792,790,1009,758,672
63,31064,38.865029,-77.039511,0,0,0,177,327,412,280,306,432,11440
64,31065,38.880705,-77.08596,0,0,0,834,2045,2994,3231,2677,2526,1903
65,31066,38.867262,-77.072315,0,0,0,449,1126,1557,1857,2266,1789,1598
66,31067,38.862478,-77.086599,0,0,0,348,1484,1713,1648,1806,1561,1568
67,31068,38.856319,-77.11153,0,0,0,124,644,691,829,1658,1406,1433
68,31069,38.871822,-77.107906,0,0,0,774,2667,2489,2241,3283,2980,2170
69,31070,38.873755,-77.089233,0,0,0,83,827,1316,1582,1728,1636,1520
70,31071,38.86266083,-77.05446583,0,0,0,37,910,942,1060,1202,1120,6517
71,31072,38.837666,-77.09482,0,0,0,11,394,332,492,487,425,485
72,31073,38.873219,-77.082104,0,0,0,20,942,1351,1434,1707,1435,1480
73,31074,38.86946033,-77.09564367,0,0,0,16,1119,1202,1293,1469,1531,1586
74,31075,38.866471,-77.076131,0,0,0,0,401,452,618,654,777,1015
75,31076,38.8399205,-77.08720517,0,0,0,0,414,696,785,866,668,756
76,31077,38.8899305,-77.0713145,0,0,0,0,4541,8675,9858,10474,9000,7761
77,31078,38.869442,-77.104503,0,0,0,0,839,1732,1372,1439,1468,1612
78,31079,38.894941,-77.09169,0,0,0,0,1122,2925,3433,3326,2527,2801
79,31080,38.8976545,-77.08086833,0,0,0,0,1453,3967,4376,4256,4178,4434
80,31081,38.804378,-77.060866,0,0,0,0,356,1199,1671,2562,2377,1920
81,31082,38.80120467,-77.06895067,0,0,0,0,300,997,1090,2074,1949,1500
82,31083,38.82175,-77.047494,0,0,0,0,648,2073,2185,2994,2560,1799
83,31084,38.802677,-77.063562,0,0,0,0,1121,3317,3309,3414,2796,2506
84,31085,38.820064,-77.057619,0,0,0,0,727,1716,2145,1872,1267,1289
85,31086,38.82595,-77.058541,0,0,0,0,714,2361,2489,1999,1823,1514
86,31087,38.82092533,-77.05304167,0,0,0,0,553,1993,1850,2139,2205,1272
87,31088,38.83307083,-77.05965033,0,0,0,0,452,1395,1714,2168,2008,1672
88,31089,38.89052933,-77.08479467,0,0,0,0,2429,9301,10504,10668,9053,8775
89,31090,38.86545917,-77.05001867,0,0,0,0,206,898,887,1190,1038,1266
90,31091,38.85918233,-77.06322467,0,0,0,0,178,2220,2780,2855,2900,2644
91,31092,38.896456,-77.104562,0,0,0,0,27,1012,1157,963,835,1062
92,31093,38.8989985,-77.07831083,0,0,0,0,92,1985,2934,3180,2628,2217
93,31094,38.89534583,-77.09731817,0,0,0,0,0,844,1130,1189,781,592
94,31095,38.86239867,-77.06819083,0,0,0,0,0,662,830,631,769,639
95,31096,38.86612,-77.08787,0,0,0,0,0,608,752,833,789,962
96,31097,38.812718,-77.044097,0,0,0,0,0,0,3018,3281,2559,2322
97,31098,38.80692717,-77.05965083,0,0,0,0,0,0,2667,4514,4724,4188
98,31099,38.813485,-77.049468,0,0,0,0,0,0,1476,1927,1709,1602
99,31100,38.9003,-77.0429,1758,14118,13008,12665,12031,10173,9550,9229,8561,6930
100,31101,38.917764,-77.032096,3667,25222,33134,32495,32958,35691,35117,33159,28661,26602
101,31102,38.929464,-77.027822,1120,13364,18377,19328,19649,19430,18367,16915,14415,13700
102,31103,38.92614317,-77.03666667,2238,18322,28427,26026,23270,23046,20293,17284,20470,23327
103,31104,38.92309217,-77.0425385,4160,29964,32414,29072,26625,24612,24399,21040,18538,17989
104,31105,38.92673983,-77.032237,2360,17507,21265,22115,21367,19923,14045,9802,9023,8729
105,31106,38.923203,-77.047637,2198,19613,23298,20407,6735,7364,7509,6757,5893,5602
106,31107,38.93190217,-77.03880633,2169,15587,19587,19659,18522,16449,14564,12972,13741,16084
107,31108,38.876649,-77.01788883,1502,10913,16639,17604,18346,19387,21230,23581,21574,21298
108,31109,38.9154545,-77.02214233,930,10453,12999,16035,20453,20501,23165,23609,19683,17178
109,31110,38.9154,-77.0446,2692,23971,25841,27565,26084,25060,23971,23353,21111,21160
110,31111,38.9172,-77.0259,1928,16737,21412,20838,16873,13427,13906,16287,13394,13180
111,31112,38.92791467,-77.04323967,325,3265,3550,3984,4277,4846,4666,4258,3669,3809
112,31113,38.9206425,-77.0435445,0,1234,17145,15799,14974,14085,13253,12384,12072,13195
113,31114,38.918809,-77.041571,0,0,0,13580,18514,19925,20547,19332,18866,19109
114,31115,38.928121,-77.023794,0,208,8707,10613,10695,11534,11159,10439,10546,11182
115,31116,38.917761,-77.04062,0,390,18959,19726,18641,18769,18402,17149,16140,14344
116,31117,38.92333,-77.0352,0,0,0,10977,15628,15311,14379,12848,11647,14276
117,31118,38.917622,-77.01597,0,0,0,3954,9749,10078,9318,9593,8972,8808
118,31119,38.921074,-77.031887,0,0,0,3503,18423,19060,18072,16807,15006,14689
119,31120,38.920387,-77.025672,0,0,0,1126,6673,8297,8902,8990,8320,9292
120,31121,38.923583,-77.050046,0,0,0,2224,21907,22287,21309,19893,17301,11168
121,31122,38.92885833,-77.03623483,0,0,0,0,0,0,8441,10131,10302,9647
122,31123,38.925284,-77.032375,0,0,0,0,0,0,7491,10284,8271,7054
123,31124,38.928552,-77.032224,0,0,0,0,0,0,8321,22389,29610,34900
124,31125,38.9190185,-77.034449,0,0,0,0,0,0,0,16737,17372,17450
125,31126,38.9255525,-77.02700933,0,0,0,0,0,0,0,7596,14106,16842
126,31127,38.89892547,-77.04885238,0,0,0,0,0,0,0,5788,9761,8733
127,31128,38.905303,-77.050264,0,0,0,0,0,0,0,8028,20371,18679
128,31129,38.89646475,-77.03338087,0,0,0,0,0,0,0,4351,23698,17629
129,31130,38.91420432,-77.0221746,0,0,0,0,0,0,0,0,0,3886
130,31131,38.934405,-77.032687,0,0,0,0,0,0,0,0,0,3342
131,31132,38.91693645,-77.02963114,0,0,0,0,0,0,0,0,0,0
132,31200,38.91008617,-77.0442655,5093,49093,58069,64875,60764,55836,52619,46702,38859,29356
133,31201,38.909868,-77.034421,3749,32884,40823,45584,42278,41240,41574,43305,39346,35382
134,31202,38.913046,-77.032008,1882,16001,20401,23976,26251,26775,25790,26482,24388,18696
135,31203,38.9086,-77.0323,3014,23871,26271,27432,25681,26531,26904,29749,26249,23091
136,31204,38.8963,-77.045,1545,12973,15072,15106,13252,12493,12403,12800,10680,9137
137,31205,38.900711,-77.046449,3010,23574,26190,16692,15404,15326,15016,14871,11717,11280
138,31206,38.8952,-77.0436,900,6879,7968,6762,6376,5387,5282,5136,4272,3748
139,31207,38.92493533,-77.02218183,677,5385,5260,5710,5191,5625,5615,5196,4208,4085
140,31208,38.8763,-77.0037,969,10680,10576,10096,8597,9155,8398,9600,9762,7417
141,31209,38.8743,-77.0057,146,2785,4074,3931,5696,5582,6444,8974,9264,7927
142,31211,38.897293,-77.05557,205,3264,3751,3954,4269,4843,8488,9661,8969,7106
143,31212,38.9057265,-77.0473565,2114,17764,23375,22523,24209,25074,24443,24026,20127,17242
144,31213,38.90276,-77.03863,2297,15777,19622,22045,23288,23901,23219,22474,18729,16087
145,31214,38.91202467,-77.03852817,3145,28160,35342,35587,34688,31430,26899,26268,24617,22135
146,31215,38.902314,-77.0591415,1186,11416,12328,14904,15713,16542,16475,16044,13399,11799
147,31216,38.899632,-77.031686,1281,10950,14999,13300,13030,14174,12903,12904,11541,10619
148,31217,38.88627695,-77.02824175,1377,20799,15981,14024,15273,16791,15949,16374,12354,9319
149,31218,38.88629367,-77.02223817,1551,16253,14437,14902,17221,19974,20112,20007,17548,14568
150,31219,38.893028,-77.026013,1553,16500,17182,17348,18001,19090,17447,21041,18396,13211
151,31220,38.894919,-77.046587,803,10214,14900,11061,9912,10096,8889,7551,7192,6357
152,31221,38.905066,-77.041778,1663,17373,16423,16314,15746,16660,16290,16985,16133,14008
153,31222,38.89903234,-77.03335404,1247,16833,20577,22216,24965,28231,28298,27758,19251,13118
154,31223,38.905737,-77.02227,1095,14329,20925,20404,22264,21549,17976,19969,19970,19301
155,31224,38.90374145,-77.0424521,1208,13265,12992,12245,12003,12377,10836,10508,9564,8298
156,31225,38.90375,-77.06269,1123,16646,18897,17257,16817,16504,15252,13842,12350,10038
157,31226,38.91653217,-77.06832133,458,5164,7388,7701,7257,7469,6679,6579,5666,5171
158,31227,38.900283,-77.029822,1458,14534,16069,15160,14912,14392,14278,14195,12464,10805
159,31228,38.89968983,-77.0230865,2262,22762,25882,25668,26673,29020,25839,30522,27589,20690
160,31229,38.915544,-77.038252,2247,24074,31738,35243,36740,35844,33064,32316,31654,34667
161,31230,38.898364,-77.027869,0,13594,25839,22117,21334,21729,21613,21307,20261,19295
162,31231,38.894514,-77.031617,0,9493,15994,18898,20638,20588,20545,22376,14197,11579
163,31232,38.897283,-77.02219,0,15739,26473,26731,23792,23709,21511,24826,22715,18839
164,31233,38.902061,-77.038322,0,10359,16570,17833,18457,19016,17978,18159,17420,14084
165,31234,38.908905,-77.04478,0,0,15831,19848,20129,21631,19298,18780,17737,15409
166,31235,38.8923,-77.0436,796,14674,20857,15322,17086,17405,12921,12240,11259,8847
167,31236,38.907886,-77.07168833,850,8654,12169,13222,14162,14235,13677,14491,12319,11231
168,31237,38.903827,-77.053485,1084,19125,21008,23473,22615,20562,19670,18320,15823,14518
169,31238,38.898409,-77.032278,802,13678,16391,17255,17868,18413,19048,20638,14630,12166
170,31239,38.9059957,-77.03980207,0,982,24506,25056,21282,22598,19513,17354,15102,13790
171,31240,38.88412,-77.04657,0,0,15744,14444,16375,17539,17364,18994,17620,12813
172,31241,38.9059,-77.0325,0,1706,33875,41327,43975,39896,38035,30513,28685,28316
173,31242,38.89968,-77.041539,0,637,15713,17743,17515,16132,15887,15784,13724,12666
174,31243,38.88630383,-77.01768133,0,0,18633,23957,24563,27408,24939,26397,18259,15603
175,31244,38.88412,-77.017445,0,372,12401,15112,14940,16915,19109,21128,17181,13539
176,31245,38.912719,-77.022155,0,587,15297,17811,21062,21039,17048,18213,16549,15906
177,31246,38.905126,-77.056887,0,154,17271,22961,22661,24071,21417,21954,18541,16406
178,31247,38.888552,-77.032427,0,0,25886,33469,48355,57982,55782,59259,43993,32180
179,31248,38.8887825,-77.02857783,0,0,17346,27371,32586,30534,28529,42406,38803,31474
180,31249,38.879819,-77.037413,0,0,11369,23571,29597,35700,35372,42525,35752,25901
181,31250,38.903584,-77.044789,0,0,4737,10357,9507,9747,9451,9580,8764,8785
182,31251,38.903819,-77.0284,0,0,8390,15940,15358,15864,15228,14420,15071,15736
183,31252,38.901539,-77.046564,0,0,4990,10946,10873,11103,10534,10505,9610,7969
184,31253,38.902204,-77.04337,0,0,4981,10913,10431,10402,9816,9818,9241,8543
185,31254,38.902,-77.03353,0,0,6210,15332,15377,15595,14611,14871,10674,10836
186,31255,38.906697,-77.05108917,0,0,5044,12694,13844,15628,14279,14329,12034,10486
187,31256,38.895966,-77.02590433,0,0,6280,14261,13767,13593,14305,15410,15156,10839
188,31257,38.90088,-77.048911,0,0,9289,25758,24405,22459,21438,20616,17651,17073
189,31258,38.888255,-77.049437,0,0,5626,43686,57170,69609,60199,65884,53869,35268
190,31259,38.894722,-77.045128,0,0,0,4930,5162,5495,5110,4803,4439,4108
191,31260,38.89610683,-77.04976833,0,0,0,8690,10210,11325,12363,12385,10854,9932
192,31261,38.892459,-77.046567,0,87,0,10671,12495,13503,10987,8448,7739,6505
193,31262,38.89754867,-77.02731167,0,22,16,10411,12942,13867,12353,11190,9771,8157
194,31263,38.902283,-77.02622667,0,0,0,13132,17507,18072,18056,19381,18534,18134
195,31264,38.894573,-77.01994,0,0,0,12624,15077,16292,15382,17330,16235,12124
196,31265,38.90093,-77.018677,0,0,0,12544,24277,23967,24952,25605,22588,20848
197,31266,38.905578,-77.027313,3,1,0,16103,24214,24698,22904,22725,23434,22748
198,31267,38.90817033,-77.03837183,0,0,0,13255,21480,23310,21739,22191,21538,20377
199,31268,38.91661067,-77.02810033,0,0,0,11479,22105,19702,18694,17680,17146,17573
200,31269,38.887378,-77.001955,0,0,0,6975,16653,18628,20040,18710,16737,13842
201,31270,38.894851,-77.02324,0,0,0,5297,14582,15684,16639,18382,15532,12652
202,31271,38.892275,-77.013917,0,0,0,8370,20815,23593,26069,28716,23877,19358
203,31272,38.886978,-77.013769,0,0,0,5492,18050,19315,18667,20765,16767,15367
204,31273,38.878433,-77.03023,0,0,0,118,4949,5032,6416,6585,6069,6142
205,31274,38.89842133,-77.02611983,0,0,0,0,4462,12917,12033,11665,10695,8717
206,31275,38.901755,-77.051084,0,0,0,0,4698,14929,17216,19252,17741,15119
207,31276,38.903649,-77.034918,0,0,0,0,2836,17809,14775,13579,12550,10261
208,31277,38.89828295,-77.03973234,0,0,0,0,3559,22259,24259,23503,23509,17543
209,31278,38.9126585,-77.0418445,0,0,0,0,1528,20800,21437,21771,17952,15476
210,31279,38.898412,-77.043182,0,0,0,0,0,8860,11375,11184,11018,10251
211,31280,38.913761,-77.027025,0,0,0,0,0,9847,12415,12759,11033,12138
212,31281,38.90864,-77.02277,0,0,0,0,0,9937,24042,26438,25954,22357
213,31282,38.912652,-77.036278,0,0,0,0,0,0,11117,13434,11154,10908
214,31283,38.90369117,-77.03190083,0,0,0,0,0,0,10299,14254,14547,12815
215,31284,38.89349483,-77.04150617,0,0,0,0,0,0,5901,8116,7664,6813
216,31285,38.90922317,-77.04865483,0,0,0,0,0,0,9829,14806,13903,12161
217,31286,38.90843,-77.02714,0,0,0,0,0,0,8956,14985,15861,14197
218,31287,38.88432272,-77.02601016,0,0,0,0,0,0,4357,6416,6103,8723
219,31288,38.890496,-77.017247,0,0,0,0,0,0,18263,37751,41888,32924
220,31289,38.890539,-77.049383,0,0,0,0,0,0,21469,40659,41020,34185
221,31290,38.888097,-77.038325,0,0,0,0,0,0,13733,30088,29578,23259
222,31291,38.90113645,-77.03445107,0,0,0,0,0,0,3307,9961,13963,13760
223,31292,38.892441,-77.048947,0,0,0,0,0,0,1231,8268,8108,8106
224,31293,38.902814,-77.061043,0,0,0,0,0,0,0,7363,8721,8267
225,31294,38.88345,-77.021741,0,0,0,0,0,0,0,6747,7402,7201
226,31295,38.90540217,-77.06528,0,0,0,0,0,0,0,9715,12949,11157
227,31296,38.924088,-77.040787,0,0,0,0,0,0,0,8216,14410,17385
228,31297,38.8995,-77.054155,0,0,0,0,0,0,0,3865,6090,5290
229,31298,38.905424,-77.034674,0,0,0,0,0,0,0,9513,16745,17969
230,31299,38.912644,-77.04564,0,0,0,0,0,0,0,8231,15190,14375
231,31300,38.944551,-77.063896,581,5812,7413,7204,6384,6628,6177,5082,4504,3678
232,31301,38.93877167,-77.08724733,568,4482,5072,5181,5158,5263,4466,4339,3298,3090
233,31302,38.934881,-77.072755,669,7568,8179,5496,5148,7840,8670,8598,7936,8287
234,31303,38.947607,-77.079382,548,7349,8351,8841,8429,8951,7999,7143,6720,6201
235,31304,38.922581,-77.070334,191,4898,5060,6166,5953,5314,5031,5260,4835,4542
236,31305,38.9343255,-77.0580075,407,7378,8814,9092,7705,7640,6436,6270,5563,5624
237,31306,38.92262517,-77.07715233,0,0,6043,7809,8343,7944,6789,6374,6423,7104
238,31307,38.93037117,-77.0556405,0,99,8237,8878,8288,8267,8072,8018,7120,7118
239,31308,38.94389683,-77.07709317,0,0,0,3831,4388,5024,4601,4681,3975,3735
240,31309,38.95479733,-77.08244017,0,0,0,1885,1263,1705,1454,1353,1322,1126
241,31310,38.955016,-77.069956,0,0,0,4141,5327,5161,4675,4699,4335,3986
242,31312,38.90849,-77.063586,0,0,0,8547,11770,12041,11674,12094,9268,8697
243,31313,38.94116183,-77.0619945,0,0,0,72,3798,3873,3937,3351,2666,2894
244,31314,38.90362317,-77.06757417,0,0,0,0,4697,10980,10782,11630,9499,9399
245,31315,38.96454351,-77.07513481,0,0,0,0,205,1955,2122,2164,1761,1847
246,31316,38.946182,-77.08059,0,0,0,0,0,0,1417,1842,1797,1389
247,31317,38.958267,-77.084636,0,0,0,0,0,0,1249,2005,2011,2111
248,31318,38.947156,-77.065115,0,0,0,0,0,0,2022,3009,2396,2648
249,31319,38.9498875,-77.0802025,0,0,0,0,0,0,712,2847,2762,3194
250,31320,38.936298,-77.087128,0,0,0,0,0,0,0,851,1561,1706
251,31321,38.892244,-77.033234,0,0,0,0,0,0,0,14970,26383,22649
252,31322,38.91699867,-77.09579033,0,0,0,0,0,0,0,0,185,1134
253,31323,38.923389,-77.051833,0,0,0,0,0,0,0,0,240,14038
254,31324,38.911268,-77.041829,0,0,0,0,0,0,0,0,0,16923
255,31325,38.91271133,-77.07439233,0,0,0,0,0,0,0,0,0,0
256,31326,38.90967633,-77.08557717,0,0,0,0,0,0,0,0,0,0
257,31327,38.910674,-77.03188,0,0,0,0,0,0,0,0,0,0
258,31328,38.8983895,-77.04688017,0,0,0,0,0,0,0,0,0,0
259,31400,38.93668393,-77.02418089,1323,10045,12943,13245,13498,12806,12754,11808,11218,10926
260,31401,38.93742817,-77.03285967,1125,7349,8200,8976,8687,9089,9222,9936,11151,11410
261,31402,38.94761817,-77.03283633,244,2281,2954,2603,2346,2509,2429,2198,1883,1542
262,31403,38.95655555,-77.01981425,0,0,0,1123,1309,1762,2176,2537,2055,2078
263,31404,38.9418,-77.0251,0,160,5229,5599,6069,5981,7169,8152,6594,6348
264,31405,38.949662,-77.027333,0,0,0,1479,2330,2504,2165,2847,2690,2660
265,31406,38.942475,-77.032678,0,0,0,3652,4275,4384,5289,5640,4551,4154
266,31407,38.956432,-77.032947,0,0,0,2239,3005,3223,3128,3820,3161,3226
267,31408,38.975219,-77.016855,0,0,0,0,5352,6525,6338,7182,5751,5889
268,31411,38.961339,-77.027855,0,0,0,0,0,429,1605,1380,1297,1772
269,31412,38.957461,-77.00222883,0,0,0,0,0,0,8,592,1063,950
270,31413,38.96884433,-77.0162425,0,0,0,0,0,0,0,1104,1227,1424
271,31414,38.96752167,-77.02795633,0,0,0,0,0,0,0,968,994,1157
272,31415,38.95674,-77.02791,0,0,0,0,0,0,0,0,1263,1266
273,31416,38.969489,-77.033509,0,0,0,0,0,0,0,0,155,727
274,31417,38.94822017,-77.02195133,0,0,0,0,0,0,0,0,628,4392
275,31418,38.95155067,-77.01287233,0,0,0,0,0,0,0,0,0,2877
276,31419,38.932128,-77.0235,0,0,0,0,0,0,0,0,0,5041
277,31420,38.942146,-77.038684,0,0,0,0,0,0,0,0,0,667
278,31421,38.94202474,-77.01822102,0,0,0,0,0,0,0,0,0,0
279,31422,38.96580567,-77.06874467,0,0,0,0,0,0,0,0,0,0
280,31423,38.958098,-77.013821,0,0,0,0,0,0,0,0,0,0
281,31500,38.919077,-77.000648,149,1454,3568,4267,3985,4531,5555,5809,5706,5566
282,31501,38.933668,-76.991016,124,1008,1066,1339,1631,1682,2070,1826,1940,1704
283,31502,38.9346,-76.9955,229,1278,1559,1620,2523,3596,3620,3689,3215,3086
284,31503,38.9126,-77.0135,1320,11919,14714,15068,15227,15463,13320,13289,13228,12032
285,31504,38.932514,-76.992889,106,2328,3095,3122,3424,3907,4157,3601,2723,3035
286,31505,38.910972,-77.00495,285,3233,5169,6840,8591,10030,10644,13109,11239,10417
287,31506,38.915417,-77.012289,0,438,13567,16284,15198,15797,15245,15540,13990,12666
288,31507,38.92877983,-77.012318,0,0,1837,3365,3248,3665,3957,4251,4309,4232
289,31508,38.90509,-76.9941,0,0,2259,6088,6882,6962,5928,5992,5145,4953
290,31509,38.912659,-77.017669,0,0,0,6997,10538,10558,10212,10928,10252,9986
291,31510,38.927095,-76.978924,0,0,0,357,735,688,983,1355,1434,1367
292,31511,38.92867517,-76.99092717,0,0,0,983,1677,2207,2787,2792,2789,3203
293,31512,38.903732,-76.987211,0,0,0,1697,4844,5871,5893,6642,5919,4746
294,31513,38.918155,-77.004746,0,0,0,1732,5438,6805,6934,5655,5539,5880
295,31514,38.92744067,-76.99715883,0,0,0,500,1957,2184,2612,3094,2835,3166
296,31515,38.95230783,-77.0027385,0,0,0,0,846,996,1128,2117,2306,3901
297,31516,38.920633,-76.99597967,0,0,0,0,1810,3578,4447,4452,4250,4576
298,31517,38.907908,-76.99707,0,0,0,0,281,6292,7219,8542,7345,8469
299,31518,38.9156375,-76.98384683,0,0,0,0,0,134,2691,4531,5115,5822
300,31519,38.90864067,-77.01238133,0,0,0,0,0,0,8137,11215,11948,11202
301,31520,38.91263,-76.971923,0,0,0,0,0,0,752,2794,2785,3356
302,31521,38.93295983,-76.9795155,0,0,0,0,0,0,0,508,494,615
303,31522,38.914751,-77.00356,0,0,0,0,0,0,0,3185,4841,5094
304,31523,38.915,-77.0078,0,0,0,0,0,0,0,198,5612,6964
305,31524,38.907444,-76.986813,0,0,0,0,0,0,0,0,192,4586
306,31525,38.906299,-76.983221,0,0,0,0,0,0,0,0,0,1479
307,31526,38.92427383,-76.98605817,0,0,0,0,0,0,0,0,0,769
308,31527,38.912524,-77.008798,0,0,0,0,0,0,0,0,0,2606
309,31528,38.9387375,-76.99723983,0,0,0,0,0,0,0,0,0,371
310,31529,38.924144,-77.002098,0,0,0,0,0,0,0,0,0,566
311,31530,38.910993,-76.985854,0,0,0,0,0,0,0,0,0,0
312,31600,38.90304,-77.019027,1778,18066,23785,25576,24814,27965,30067,30431,27048,21935
313,31601,38.8896,-76.9769,237,3044,4433,4575,5901,5943,5896,6894,5282,5433
314,31602,38.9308,-77.0315,2420,18172,23347,24411,24242,23567,20503,16942,15514,13438
315,31603,38.90574,-77.0054465,914,12906,20565,20063,22725,27023,28119,31338,31630,31545
316,31604,38.899408,-77.015289,1192,12535,18619,18737,11180,10778,10280,10069,8900,7688
317,31605,38.8851,-77.0023,1191,13066,17583,17108,14675,13118,12251,10212,9766,9259
318,31606,38.8803,-76.9862,856,7945,11754,11447,10225,9430,9123,9603,8833,8254
319,31607,38.882915,-76.987906,736,7436,10023,10548,10668,10306,9344,8710,5229,3961
320,31608,38.8792,-76.9953,546,5051,6332,6842,6282,6716,6550,6937,6524,6107
321,31609,38.878693,-77.023054,390,5581,5875,6176,5767,5941,5962,9067,13085,13682
322,31610,38.8870305,-76.9968065,1029,11966,18251,17916,17095,15856,15252,15586,13524,13071
323,31611,38.900426,-76.98825,657,11004,12964,12661,14062,15576,13592,14407,12905,12352
324,31612,38.894758,-76.997114,0,0,14899,16885,16775,15674,13107,13051,12219,11064
325,31613,38.88430667,-76.99464917,2080,23002,33027,34773,33740,31277,32103,32404,31111,29298
326,31614,38.899983,-76.991383,0,214,10861,12006,11198,10442,9530,9896,8862,8930
327,31615,38.899972,-76.998347,0,248,10702,12825,11542,14078,13805,19543,20062,20346
328,31616,38.900412,-77.001949,678,11661,13175,14395,22061,20619,19716,20103,17275,15537
329,31617,38.90052933,-76.98314633,136,3693,5079,5520,5778,6537,5213,5276,5168,3419
330,31618,38.889955,-77.000349,752,12975,18130,18459,16888,16428,16571,15938,12562,10986
331,31619,38.890461,-76.988355,1344,17351,24098,20856,17640,17685,17268,17759,15858,15134
332,31620,38.897263,-77.01928167,1746,14942,15822,15361,14382,15085,15310,16415,14185,12097
333,31621,38.895344,-77.016106,0,3471,10424,9538,8701,8925,10586,10660,9147,8658
334,31622,38.894832,-76.987633,674,10550,15549,15452,14237,14027,12508,13076,11778,12169
335,31623,38.89696,-77.00493,1554,32058,45692,58727,65507,70483,68350,70062,63493,58533
336,31624,38.897446,-77.009888,919,16852,26548,29643,27193,26193,28022,30370,26522,16173
337,31625,38.881185,-77.001828,0,329,9281,10370,10324,10383,9907,10830,11054,11478
338,31626,38.88732,-76.983569,0,47,8976,9262,9379,8135,8066,8053,7391,8156
339,31627,38.90548383,-77.00212633,0,0,0,10049,14149,17799,17946,21703,18731,22330
340,31628,38.87873783,-77.00588133,0,0,11473,14129,15009,15720,17056,20892,19255,14918
341,31629,38.889988,-76.995193,0,0,0,5956,10227,10351,10497,10033,7857,7682
342,31630,38.889908,-76.983326,0,0,0,4994,8283,8252,8147,7794,7035,6984
343,31631,38.89725917,-76.99474983,0,0,0,7528,12306,12215,10384,10426,9123,8318
344,31632,38.897195,-76.983575,0,0,0,3492,6390,7500,7778,8081,7140,6359
345,31633,38.887312,-77.025762,0,0,0,2537,7452,7464,8961,10915,9602,8449
346,31634,38.87501,-77.0024,0,0,0,930,7383,11014,12226,15270,12952,8920
347,31635,38.876737,-76.994468,0,0,0,458,2407,3184,3555,4097,4087,4085
348,31636,38.907332,-77.01536,0,0,0,675,8872,12252,11326,9982,9246,9725
349,31637,38.899703,-77.008911,0,0,0,114,8099,9743,10918,10689,9229,8044
350,31638,38.900358,-77.012108,0,0,0,0,6894,10081,9726,11708,11827,9183
351,31639,38.89979583,-77.003451,0,0,0,0,0,5702,13064,14337,12692,12704
352,31640,38.896134,-76.9929,0,0,0,0,0,853,9324,11342,10127,9786
353,31641,38.89497083,-77.003143,0,0,0,0,0,0,11108,18326,17117,15283
354,31642,38.90236383,-77.01584183,0,0,0,0,0,0,1368,4401,4519,6711
355,31643,38.884916,-77.005965,0,0,0,0,0,0,3204,13741,14043,13070
356,31644,38.88255817,-76.99013283,0,0,0,0,0,0,47,4925,4906,4956
357,31645,38.90310283,-76.99835283,0,0,0,0,0,0,48,7595,6789,6750
358,31646,38.88049533,-77.02527,0,0,0,0,0,0,0,1489,12980,15960
359,31647,38.89222,-76.99602,0,0,0,0,0,0,0,0,9365,9469
360,31648,38.86968315,-77.01081544,0,0,0,0,0,0,0,0,1748,3966
361,31649,38.931991,-77.032956,0,0,0,0,0,0,0,0,2684,11150
362,31650,38.876893,-77.006072,0,0,0,0,0,0,0,0,2497,10374
363,31651,38.931321,-77.028247,0,0,0,0,0,0,0,0,2276,10735
364,31652,38.87659083,-77.00052817,0,0,0,0,0,0,0,0,435,9604
365,31653,38.902674,-77.021392,0,0,0,0,0,0,0,0,1294,11756
366,31654,38.876211,-77.012443,0,0,0,0,0,0,0,0,117,3261
367,31655,38.897108,-77.011616,0,0,0,0,0,0,0,0,235,11896
368,31656,38.901935,-76.978627,0,0,0,0,0,0,0,0,85,2814
369,31657,38.892934,-76.998273,0,0,0,0,0,0,0,0,133,7783
370,31658,38.897838,-76.97969867,0,0,0,0,0,0,0,0,0,3532
371,31659,38.885908,-76.991476,0,0,0,0,0,0,0,0,0,5835
372,31660,38.902685,-76.995126,0,0,0,0,0,0,0,0,0,381
373,31661,38.89975983,-76.99484583,0,0,0,0,0,0,0,0,0,0
374,31662,38.90242483,-77.0056755,0,0,0,0,0,0,0,0,0,0
375,31663,38.8840581,-76.9863852,0,0,0,0,0,0,0,0,0,0
376,31664,38.866277,-77.010551,0,0,0,0,0,0,0,0,0,0
377,31665,38.885482,-76.977187,0,0,0,0,0,0,0,0,0,0
378,31666,38.881123,-77.017658,0,0,0,0,0,0,0,0,0,0
379,31667,38.863743,-77.013814,0,0,0,0,0,0,0,0,0,0
380,31668,38.87175383,-77.006118,0,0,0,0,0,0,0,0,0,0
381,31700,38.86006033,-76.96784783,21,185,209,196,383,254,317,349,304,439
382,31701,38.86921767,-76.95965267,0,50,156,324,158,155,279,429,317,373
383,31702,38.87807,-76.9607535,14,65,114,78,54,58,153,217,128,138
384,31703,38.897063,-76.947446,14,191,230,270,435,375,485,871,706,544
385,31704,38.901385,-76.941877,4,1,0,2,139,101,309,338,394,202
386,31705,38.89400717,-76.94798117,6,99,249,215,350,204,216,501,426,360
387,31706,38.86559,-76.952103,0,70,173,150,82,63,279,465,538,588
388,31707,38.889935,-76.93723,0,5,532,762,687,322,304,656,505,483
389,31708,38.896544,-76.96012,0,1,680,1269,1306,1012,1081,1508,1710,1957
390,31710,38.898511,-76.931919,0,0,0,19,228,75,198,206,174,323
391,31711,38.908473,-76.933099,0,0,0,3,271,64,83,135,201,319
392,31712,38.89448633,-76.97481767,0,0,0,0,0,1053,3084,3921,3840,4147
393,31713,38.897407,-76.925907,0,0,0,0,0,0,69,95,120,198
394,31714,38.89176933,-76.913609,0,0,0,0,0,0,19,81,114,98
395,31715,38.883011,-76.949709,0,0,0,0,0,0,0,10,63,84
396,31716,38.895954,-76.967844,0,0,0,0,0,0,0,0,0,95
397,31717,38.90046849,-76.94728732,0,0,0,0,0,0,0,0,0,21
398,31718,38.87595067,-76.94039083,0,0,0,0,0,0,0,0,0,1
399,31719,38.8974996,-76.9695094,0,0,0,0,0,0,0,0,0,0
400,31800,38.84322989,-76.99937582,0,0,0,69,256,221,236,555,415,354
401,31801,38.862669,-76.994637,33,603,756,990,1259,1665,1773,2310,2290,2138
402,31802,38.86738117,-76.988002,65,487,632,828,927,1057,1644,1974,1663,1593
403,31803,38.86661933,-76.985282,0,0,237,483,646,1149,1125,1136,914,702
404,31804,38.86576017,-76.97841517,11,403,284,472,334,464,849,709,596,606
405,31805,38.87306117,-76.97105067,33,332,399,239,522,382,487,639,904,1162
406,31806,38.84474817,-76.98772117,0,4,253,178,328,356,287,549,545,652
407,31807,38.863897,-76.990037,0,0,0,105,349,772,885,1160,1128,1221
408,31811,38.831516,-77.008133,0,0,0,0,0,0,121,152,162,187
409,31812,38.87070783,-76.982373,0,0,0,0,0,0,151,711,559,513
410,31813,38.8462715,-76.9818895,0,0,0,0,0,0,0,87,290,469
411,31814,38.84377,-76.97557,0,0,0,0,0,0,0,29,93,110
412,31815,38.84623,-76.97703,0,0,0,0,0,0,0,8,42,74
413,31816,38.836,-77.0009,0,0,0,0,0,0,0,55,148,326
414,31817,38.824481,-77.005497,0,0,0,0,0,0,0,20,130,257
415,31818,38.82373,-77.00223,0,0,0,0,0,0,0,40,128,137
416,31820,38.87335,-76.9834,0,0,0,0,0,0,0,0,1327,1721
417,31823,38.835737,-76.983144,0,0,0,0,0,0,0,0,0,79
418,31824,38.836645,-76.993588,0,0,0,0,0,0,0,0,0,4
419,31825,38.85736904,-76.97768801,0,0,0,0,0,0,0,0,0,2
420,31826,38.8693365,-76.978519,0,0,0,0,0,0,0,0,0,0
421,31900,38.898301,-77.118009,0,0,0,0,0,0,878,1112,946,1042
422,31901,38.884829,-77.127671,0,0,0,0,0,0,757,731,668,666
423,31902,38.876528,-77.12712,0,0,0,0,0,0,770,1479,1526,1606
424,31903,38.799267,-77.0447,0,0,0,0,0,0,872,1398,1400,1422
425,31904,38.88534583,-77.156506,0,0,0,0,0,0,616,1350,1391,2793
426,31905,38.880992,-77.135271,0,0,0,0,0,0,260,1275,1743,1737
427,31906,38.812711,-77.061715,0,0,0,0,0,0,657,993,942,1232
428,31907,38.798133,-77.0487,0,0,0,0,0,0,1031,2476,2094,2101
429,31908,38.828437,-77.086031,0,0,0,0,0,0,243,738,553,595
430,31909,38.843422,-77.064016,0,0,0,0,0,0,435,1617,1168,1219
431,31910,38.822738,-77.049265,0,0,0,0,0,0,620,1023,1453,1540
432,31912,38.84129433,-77.06308233,0,0,0,0,0,0,195,500,768,834
433,31913,38.82005823,-77.06282079,0,0,0,0,0,0,596,1308,988,833
434,31914,38.79760183,-77.05381733,0,0,0,0,0,0,469,1133,1608,1198
435,31915,38.818748,-77.047783,0,0,0,0,0,0,607,1456,1163,1460
436,31916,38.829545,-77.047844,0,0,0,0,0,0,1186,3742,3975,3805
437,31917,38.89386,-77.070862,0,0,0,0,0,0,292,5243,4882,4183
438,31918,38.812351,-77.040691,0,0,0,0,0,0,171,3271,3221,2910
439,31919,38.876695,-77.112982,0,0,0,0,0,0,16,1720,1716,1261
440,31920,38.888282,-77.111066,0,0,0,0,0,0,0,1224,1498,1397
441,31921,38.8860185,-77.142267,0,0,0,0,0,0,0,371,454,644
442,31923,38.858524,-77.103728,0,0,0,0,0,0,0,152,323,605
443,31924,38.892556,-77.082089,0,0,0,0,0,0,0,1772,2779,2521
444,31925,38.848304,-77.05122,0,0,0,0,0,0,0,0,664,2329
445,31926,38.879476,-77.114563,0,0,0,0,0,0,0,0,0,0
446,31927,38.808161,-77.100796,0,0,0,0,0,0,0,0,0,0
447,31928,38.840831,-77.10885517,0,0,0,0,0,0,0,0,0,0
448,31929,38.7930647,-77.049436,0,0,0,0,0,0,0,0,0,0
449,31930,38.802738,-77.082462,0,0,0,0,0,0,0,0,0,0
450,31931,38.814185,-77.043809,0,0,0,0,0,0,0,0,0,0
451,31933,38.801947,-77.040293,0,0,0,0,0,0,0,0,0,0
452,31935,38.852903,-77.045916,0,0,0,0,0,0,0,0,0,0
453,31936,38.864838,-77.056873,0,0,0,0,0,0,0,0,0,0
454,31937,38.890863,-77.074893,0,0,0,0,0,0,0,0,0,0
455,31938,38.853002,-77.059496,0,0,0,0,0,0,0,0,0,0
456,31939,38.895068,-77.07386,0,0,0,0,0,0,0,0,0,0
457,31940,38.88625607,-77.08426237,0,0,0,0,0,0,0,0,0,0
458,32000,38.988562,-77.096539,0,0,0,237,1280,1262,1242,1737,1445,1268
459,32001,38.98537433,-77.02300467,0,0,0,161,1199,1692,1711,1482,1535,1646
460,32002,38.981103,-77.097426,0,0,0,402,2147,2569,2316,2910,2296,2293
461,32003,38.983838,-77.09221,0,0,0,71,672,947,1175,1414,989,682
462,32004,39.096312,-77.192672,0,0,0,46,326,235,415,411,293,265
463,32005,39.093783,-77.202501,0,0,0,21,109,120,139,95,57,72
464,32006,38.987,-77.029417,0,0,0,1722,582,887,904,1112,663,545
465,32007,39.084125,-77.151291,0,0,0,128,388,382,379,393,322,228
466,32008,38.98954,-77.098029,0,0,0,204,1298,1784,1317,1532,1339,1205
467,32009,39.094772,-77.145213,0,0,0,15,268,204,110,206,164,99
468,32010,38.98123667,-77.01124483,0,0,0,159,890,937,694,525,460,441
469,32011,38.983601,-77.00636667,0,0,0,95,772,703,667,704,527,553
470,32012,38.994994,-77.02947417,0,0,0,225,804,1053,1216,1518,1274,1260
471,32013,38.983525,-77.095367,0,0,0,394,1435,1483,1707,1652,1480,1510
472,32014,38.9615985,-77.08610217,0,0,0,569,2326,3539,3269,3255,2427,2468
473,32016,39.099376,-77.188014,0,0,0,21,212,171,262,271,263,348
474,32017,39.083673,-77.149162,0,0,0,27,276,146,177,371,389,294
475,32018,39.123513,-77.15741,0,0,0,15,65,80,77,419,546,354
476,32019,38.99026583,-77.02963067,0,0,0,152,1027,1291,1526,1482,939,877
477,32021,38.982456,-77.091991,0,0,0,107,1039,1106,1413,1358,1021,873
478,32022,39.0253872,-77.044563,0,0,0,20,194,196,342,316,111,183
479,32023,39.095661,-77.159048,0,0,0,25,235,299,359,514,184,144
480,32024,38.989724,-77.023854,0,0,0,54,823,1350,1692,1574,1295,1135
481,32025,38.975,-77.01121,0,0,0,146,1462,2020,1960,1960,1564,1782
482,32026,38.977933,-77.006472,0,0,0,96,2004,2754,2768,2802,2278,2430
483,32027,38.99239583,-77.10007433,0,0,0,187,1490,1326,1036,1869,1643,1915
484,32028,38.990639,-77.100239,0,0,0,96,996,742,909,616,535,589
485,32029,38.977093,-77.094589,0,0,0,184,1262,1323,1346,1374,753,1058
486,32032,39.076331,-77.141378,0,0,0,21,265,204,250,404,424,362
487,32034,38.99403485,-77.03037143,0,0,0,63,536,1146,1397,1742,1173,1031
488,32035,38.99944733,-77.03152067,0,0,0,48,477,606,607,712,532,528
489,32036,38.997033,-77.025608,0,0,0,136,945,1120,1448,1728,1112,1543
490,32037,39.11462733,-77.17157933,0,0,0,43,682,509,461,614,721,586
491,32038,39.110314,-77.182669,0,0,0,34,544,811,1057,853,623,510
492,32039,38.99956,-77.10965283,0,0,0,42,821,848,1072,1030,1189,1386
493,32040,38.96115,-77.088659,0,0,0,42,1015,1095,1144,1471,1271,1397
494,32042,39.097636,-77.196636,0,0,0,0,32,102,143,51,22,39
495,32043,38.99754833,-77.023951,0,0,0,0,377,487,535,625,427,523
496,32044,39.085394,-77.145803,0,0,0,0,415,439,420,298,274,296
497,32045,39.119765,-77.166093,0,0,0,0,1104,1031,1162,1080,1226,1265
498,32046,38.964992,-77.103381,0,0,0,0,1399,2152,2546,3427,2887,2803
499,32047,39.084379,-77.146866,0,0,0,0,267,392,534,729,477,490
500,32048,38.984691,-77.094537,0,0,0,0,2736,4038,3867,4014,3153,2805
501,32049,38.98672667,-76.99998783,0,0,0,0,243,598,359,640,501,523
502,32050,38.997623,-77.034502,0,0,0,0,21,534,543,403,270,294
503,32051,38.994113,-77.076986,0,0,0,0,0,0,1006,851,161,173
504,32052,39.105295,-77.194774,0,0,0,0,0,0,170,177,159,197
505,32053,38.999378,-77.097882,0,0,0,0,0,0,910,1602,1139,1100
506,32054,38.999679,-77.051168,0,0,0,0,0,0,273,384,309,295
507,32055,38.9799515,-77.09341017,0,0,0,0,0,0,1549,2562,2296,2759
508,32056,38.99573833,-77.03869833,0,0,0,0,0,0,744,844,716,835
509,32057,39.014716,-77.107143,0,0,0,0,0,0,0,396,216,340
510,32058,38.99089033,-77.01628467,0,0,0,0,0,0,37,1158,1053,761
511,32059,38.98265,-76.988311,0,0,0,0,0,0,0,132,152,134
512,32061,38.988101,-76.988422,0,0,0,0,0,0,0,128,186,145
513,32062,39.03842383,-77.05102041,0,0,0,0,0,0,0,576,569,607
514,32063,39.044887,-77.047788,0,0,0,0,0,0,0,363,112,254
515,32064,39.035965,-77.048395,0,0,0,0,0,0,0,166,114,131
516,32065,39.043272,-77.053085,0,0,0,0,0,0,0,258,374,417
517,32066,39.032029,-77.04735,0,0,0,0,0,0,0,242,132,107
518,32067,39.121327,-77.164969,0,0,0,0,0,0,0,992,1435,899
519,32069,39.12333,-77.16486,0,0,0,0,0,0,0,90,175,145
520,32070,39.105642,-77.20386,0,0,0,0,0,0,0,58,70,64
521,32071,39.106971,-77.192645,0,0,0,0,0,0,0,101,161,285
522,32072,39.106152,-77.202354,0,0,0,0,0,0,0,23,100,160
523,32073,39.0431845,-77.05001417,0,0,0,0,0,0,0,0,112,100
524,32074,39.062041,-77.120776,0,0,0,0,0,0,0,0,612,732
525,32075,39.04753,-77.11287,0,0,0,0,0,0,0,0,1495,1726
526,32076,39.04899133,-77.10932483,0,0,0,0,0,0,0,0,321,336
527,32077,39.04982367,-77.113622,0,0,0,0,0,0,0,0,405,286
528,32078,39.04317,-77.1135,0,0,0,0,0,0,0,0,841,745
529,32079,39.0486795,-77.12559533,0,0,0,0,0,0,0,0,946,816
530,32081,39.06219,-77.129235,0,0,0,0,0,0,0,0,560,616
531,32082,39.00044883,-77.00080133,0,0,0,0,0,0,0,0,154,266
532,32083,39.050539,-77.115212,0,0,0,0,0,0,0,0,498,549
533,32084,39.0472325,-77.05110233,0,0,0,0,0,0,0,0,0,54
534,32085,39.03161433,-77.0041845,0,0,0,0,0,0,0,0,0,0
535,32086,39.081638,-76.945495,0,0,0,0,0,0,0,0,0,0
536,32088,39.077875,-76.941866,0,0,0,0,0,0,0,0,0,0
537,32089,39.03920517,-76.99178617,0,0,0,0,0,0,0,0,0,0
538,32090,39.04477433,-76.9809245,0,0,0,0,0,0,0,0,0,0
539,32091,39.0456521,-76.9854381,0,0,0,0,0,0,0,0,0,0
540,32092,39.085314,-76.940547,0,0,0,0,0,0,0,0,0,0
541,32093,39.04104,-76.987125,0,0,0,0,0,0,0,0,0,0
542,32094,39.03823083,-76.994582,0,0,0,0,0,0,0,0,0,0
543,32200,38.929261,-77.240654,0,0,0,0,0,0,28,211,190,165
544,32201,38.92403,-77.235955,0,0,0,0,0,0,8,146,90,88
545,32203,38.919475,-77.221179,0,0,0,0,0,0,0,233,216,271
546,32204,38.920939,-77.222115,0,0,0,0,0,0,11,932,1225,1977
547,32205,38.924437,-77.217664,0,0,0,0,0,0,53,667,599,669
548,32206,38.931884,-77.2192905,0,0,0,0,0,0,32,86,102,141
549,32207,38.928919,-77.225394,0,0,0,0,0,0,34,250,343,258
550,32208,38.932636,-77.231825,0,0,0,0,0,0,16,130,95,77
551,32209,38.970046,-77.338686,0,0,0,0,0,0,0,114,77,63
552,32210,38.962524,-77.361902,0,0,0,0,0,0,49,210,202,147
553,32211,38.962095,-77.358815,0,0,0,0,0,0,18,53,47,64
554,32212,38.960574,-77.356324,0,0,0,0,0,0,41,248,184,262
555,32213,38.955079,-77.351649,0,0,0,0,0,0,106,770,801,685
556,32214,38.957037,-77.359718,0,0,0,0,0,0,94,1381,1326,1587
557,32215,38.94660792,-77.33939141,0,0,0,0,0,0,201,2302,2460,1751
558,32216,38.959633,-77.358741,0,0,0,0,0,0,35,429,309,313
559,32217,38.95534,-77.357611,0,0,0,0,0,0,0,498,460,430
560,32218,38.960084,-77.353414,0,0,0,0,0,0,55,518,322,470
561,32220,38.951443,-77.340377,0,0,0,0,0,0,0,735,860,1302
562,32221,38.92286367,-77.22767933,0,0,0,0,0,0,15,174,345,142
563,32223,38.970412,-77.340787,0,0,0,0,0,0,0,304,277,195
564,32224,38.9551706,-77.36309409,0,0,0,0,0,0,0,161,304,446
565,32225,38.96420774,-77.35428035,0,0,0,0,0,0,0,108,192,127
566,32227,38.92245,-77.23034,0,0,0,0,0,0,0,0,62,83
567,32229,38.92758983,-77.2265975,0,0,0,0,0,0,0,0,134,1085
568,32230,38.92400208,-77.20812678,0,0,0,0,0,0,0,0,0,124
569,32231,38.8828,-77.2283,0,0,0,0,0,0,0,0,0,955
570,32232,38.9001,-77.1887,0,0,0,0,0,0,0,0,0,361
571,32233,38.928502,-77.215624,0,0,0,0,0,0,0,0,0,115
572,32234,38.879355,-77.230681,0,0,0,0,0,0,0,0,0,468
573,32235,38.870093,-77.22997,0,0,0,0,0,0,0,0,0,417
574,32236,38.949008,-77.355299,0,0,0,0,0,0,0,0,0,0
575,32400,38.908391,-76.843263,0,0,0,0,0,0,0,0,129,109
576,32401,38.899811,-76.844604,0,0,0,0,0,0,0,0,242,238
577,32402,38.969581,-76.937349,0,0,0,0,0,0,0,0,147,461
578,32403,38.95546733,-76.940139,0,0,0,0,0,0,0,0,305,503
579,32404,38.936213,-76.960054,0,0,0,0,0,0,0,0,177,298
580,32405,38.889968,-76.82556983,0,0,0,0,0,0,0,0,40,102
581,32406,38.78273717,-77.01609583,0,0,0,0,0,0,0,0,162,1448
582,32407,38.798749,-77.00103,0,0,0,0,0,0,0,0,24,119
583,32408,38.9593335,-76.94612783,0,0,0,0,0,0,0,0,0,176
584,32409,38.840107,-76.9753,0,0,0,0,0,0,0,0,0,48
585,32410,38.9546,-76.9595,0,0,0,0,0,0,0,0,0,249
586,32411,38.975505,-76.952199,0,0,0,0,0,0,0,0,0,157
587,32412,38.97420733,-76.9952355,0,0,0,0,0,0,0,0,0,122
588,32413,38.9392965,-76.9550465,0,0,0,0,0,0,0,0,0,275
589,32414,38.9725,-76.9807,0,0,0,0,0,0,0,0,0,181
590,32415,38.7968,-77.0026,0,0,0,0,0,0,0,0,0,570
591,32416,38.961737,-76.995922,0,0,0,0,0,0,0,0,0,412
592,32417,38.96950283,-76.94920517,0,0,0,0,0,0,0,0,0,191
593,32418,38.955349,-76.968084,0,0,0,0,0,0,0,0,0,211
594,32419,38.88850433,-76.91314783,0,0,0,0,0,0,0,0,0,31
595,32420,38.96578217,-76.95483867,0,0,0,0,0,0,0,0,0,304
596,32421,38.96218333,-76.93552367,0,0,0,0,0,0,0,0,0,106
597,32422,38.9688405,-76.9541425,0,0,0,0,0,0,0,0,0,126
598,32423,38.7859,-77.0167,0,0,0,0,0,0,0,0,0,51
599,32600,38.895172,-77.190275,0,0,0,0,0,0,0,0,0,375
600,32601,38.882746,-77.170032,0,0,0,0,0,0,0,0,0,270
601,32602,38.88837,-77.179832,0,0,0,0,0,0,0,0,0,322
602,32603,38.88742667,-77.17693517,0,0,0,0,0,0,0,0,0,375
603,32604,38.88056667,-77.17188267,0,0,0,0,0,0,0,0,0,350
604,32605,38.883601,-77.173438,0,0,0,0,0,0,0,0,0,427
605,32606,38.878085,-77.153953,0,0,0,0,0,0,0,0,0,662
606,32607,38.87977267,-77.17839417,0,0,0,0,0,0,0,0,0,370
607,32608,38.88537867,-77.17352217,0,0,0,0,0,0,0,0,0,353
608,32609,38.885621,-77.166917,0,0,0,0,0,0,0,0,0,420
609,32901,38.96381,-77.010266,0,0,0,0,0,0,0,0,0,0
